date,zone,day_of_week,day_type,is_weekend,is_holiday,weather_condition,rainfall_mm,event_type,estimated_visitors,season,bin_availability,previous_waste_kg,waste_volume_kg
2024-01-01,Beachwalk Area,0,Public Holiday,0,1,Stormy,44.0,None,5218,Wet Season,28,424.9,1097.5
2024-01-01,Main Beach Gate,0,Public Holiday,0,1,Stormy,44.0,None,2407,Wet Season,9,540.1,782.6
2024-01-01,Food Vendor Area,0,Public Holiday,0,1,Stormy,44.0,Sports Event,6489,Wet Season,19,496.4,1391.8
2024-01-01,Parking Area,0,Public Holiday,0,1,Stormy,44.0,None,1965,Wet Season,17,469.7,527.5
2024-01-01,Hotel Front Area,0,Public Holiday,0,1,Stormy,44.0,None,1483,Wet Season,22,381.2,676.5
2024-01-01,Event Area,0,Public Holiday,0,1,Stormy,44.0,Sports Event,6734,Wet Season,12,381.2,1980.9
2024-01-01,Legian-side Beach Zone,0,Public Holiday,0,1,Stormy,44.0,Cultural Ceremony,4347,Wet Season,21,361.6,1166.4
2024-01-02,Beachwalk Area,1,Weekday,0,0,Cloudy,0.2,None,3066,Wet Season,14,1097.5,867.9
2024-01-02,Main Beach Gate,1,Weekday,0,0,Cloudy,0.2,None,834,Wet Season,21,782.6,557.7
2024-01-02,Food Vendor Area,1,Weekday,0,0,Cloudy,0.2,None,2211,Wet Season,9,1391.8,855.8
2024-01-02,Parking Area,1,Weekday,0,0,Cloudy,0.2,None,2300,Wet Season,25,527.5,480.8
2024-01-02,Hotel Front Area,1,Weekday,0,0,Cloudy,0.2,None,1795,Wet Season,21,676.5,557.4
2024-01-02,Event Area,1,Weekday,0,0,Cloudy,0.2,None,3199,Wet Season,15,1980.9,1187.7
2024-01-02,Legian-side Beach Zone,1,Weekday,0,0,Cloudy,0.2,None,1678,Wet Season,28,1166.4,668.5
2024-01-03,Beachwalk Area,2,Weekday,0,0,Stormy,44.3,None,2772,Wet Season,22,867.9,735.5
2024-01-03,Main Beach Gate,2,Weekday,0,0,Stormy,44.3,Beach Festival,4106,Wet Season,15,557.7,1080.3
2024-01-03,Food Vendor Area,2,Weekday,0,0,Stormy,44.3,None,1392,Wet Season,15,855.8,798.1
2024-01-03,Parking Area,2,Weekday,0,0,Stormy,44.3,None,2313,Wet Season,14,480.8,547.5
2024-01-03,Hotel Front Area,2,Weekday,0,0,Stormy,44.3,None,1000,Wet Season,15,557.4,530.2
2024-01-03,Event Area,2,Weekday,0,0,Stormy,44.3,Market Day,2628,Wet Season,29,1187.7,1381.2
2024-01-03,Legian-side Beach Zone,2,Weekday,0,0,Stormy,44.3,None,1412,Wet Season,22,668.5,598.4
2024-01-04,Beachwalk Area,3,Weekday,0,0,Rainy,16.2,None,2338,Wet Season,16,735.5,774.7
2024-01-04,Main Beach Gate,3,Weekday,0,0,Rainy,16.2,None,1691,Wet Season,20,1080.3,667.7
2024-01-04,Food Vendor Area,3,Weekday,0,0,Rainy,16.2,None,2064,Wet Season,27,798.1,721.0
2024-01-04,Parking Area,3,Weekday,0,0,Rainy,16.2,None,1284,Wet Season,14,547.5,479.7
2024-01-04,Hotel Front Area,3,Weekday,0,0,Rainy,16.2,None,1859,Wet Season,20,530.2,455.1
2024-01-04,Event Area,3,Weekday,0,0,Rainy,16.2,Sports Event,4093,Wet Season,28,1381.2,1613.0
2024-01-04,Legian-side Beach Zone,3,Weekday,0,0,Rainy,16.2,None,2379,Wet Season,27,598.4,599.4
2024-01-05,Beachwalk Area,4,Weekday,0,0,Rainy,21.1,None,2875,Wet Season,8,774.7,749.2
2024-01-05,Main Beach Gate,4,Weekday,0,0,Rainy,21.1,None,1432,Wet Season,27,667.7,577.1
2024-01-05,Food Vendor Area,4,Weekday,0,0,Rainy,21.1,None,1509,Wet Season,15,721.0,679.1
2024-01-05,Parking Area,4,Weekday,0,0,Rainy,21.1,None,2048,Wet Season,26,479.7,427.8
2024-01-05,Hotel Front Area,4,Weekday,0,0,Rainy,21.1,None,2197,Wet Season,16,455.1,491.6
2024-01-05,Event Area,4,Weekday,0,0,Rainy,21.1,Cultural Ceremony,3333,Wet Season,14,1613.0,1500.7
2024-01-05,Legian-side Beach Zone,4,Weekday,0,0,Rainy,21.1,None,2448,Wet Season,24,599.4,500.4
2024-01-06,Beachwalk Area,5,Weekend,1,0,Stormy,36.4,Beach Festival,3747,Wet Season,9,749.2,2108.7
2024-01-06,Main Beach Gate,5,Weekend,1,0,Stormy,36.4,None,2910,Wet Season,11,577.1,718.5
2024-01-06,Food Vendor Area,5,Weekend,1,0,Stormy,36.4,None,1560,Wet Season,13,679.1,862.8
2024-01-06,Parking Area,5,Weekend,1,0,Stormy,36.4,None,1296,Wet Season,29,427.8,544.9
2024-01-06,Hotel Front Area,5,Weekend,1,0,Stormy,36.4,Beach Festival,4790,Wet Season,13,491.6,1600.6
2024-01-06,Event Area,5,Weekend,1,0,Stormy,36.4,None,2844,Wet Season,11,1500.7,1072.9
2024-01-06,Legian-side Beach Zone,5,Weekend,1,0,Stormy,36.4,None,1229,Wet Season,27,500.4,633.6
2024-01-07,Beachwalk Area,6,Weekend,1,0,Cloudy,1.4,None,2068,Wet Season,15,2108.7,1064.3
2024-01-07,Main Beach Gate,6,Weekend,1,0,Cloudy,1.4,None,1653,Wet Season,25,718.5,758.1
2024-01-07,Food Vendor Area,6,Weekend,1,0,Cloudy,1.4,None,3164,Wet Season,14,862.8,902.4
2024-01-07,Parking Area,6,Weekend,1,0,Cloudy,1.4,None,2360,Wet Season,27,544.9,525.9
2024-01-07,Hotel Front Area,6,Weekend,1,0,Cloudy,1.4,None,2765,Wet Season,19,1600.6,920.1
2024-01-07,Event Area,6,Weekend,1,0,Cloudy,1.4,None,3300,Wet Season,16,1072.9,868.0
2024-01-07,Legian-side Beach Zone,6,Weekend,1,0,Cloudy,1.4,None,1309,Wet Season,10,633.6,664.4
2024-01-08,Beachwalk Area,0,Weekday,0,0,Rainy,22.8,None,3427,Wet Season,15,1064.3,924.2
2024-01-08,Main Beach Gate,0,Weekday,0,0,Rainy,22.8,None,1053,Wet Season,10,758.1,636.7
2024-01-08,Food Vendor Area,0,Weekday,0,0,Rainy,22.8,None,952,Wet Season,25,902.4,641.6
2024-01-08,Parking Area,0,Weekday,0,0,Rainy,22.8,None,1621,Wet Season,10,525.9,517.2
2024-01-08,Hotel Front Area,0,Weekday,0,0,Rainy,22.8,None,960,Wet Season,11,920.1,601.2
2024-01-08,Event Area,0,Weekday,0,0,Rainy,22.8,None,3257,Wet Season,15,868.0,890.0
2024-01-08,Legian-side Beach Zone,0,Weekday,0,0,Rainy,22.8,None,1856,Wet Season,23,664.4,478.2
2024-01-09,Beachwalk Area,1,Weekday,0,0,Cloudy,0.5,None,1171,Wet Season,13,924.2,718.4
2024-01-09,Main Beach Gate,1,Weekday,0,0,Cloudy,0.5,None,2106,Wet Season,9,636.7,570.9
2024-01-09,Food Vendor Area,1,Weekday,0,0,Cloudy,0.5,None,1678,Wet Season,8,641.6,579.2
2024-01-09,Parking Area,1,Weekday,0,0,Cloudy,0.5,None,1458,Wet Season,11,517.2,385.1
2024-01-09,Hotel Front Area,1,Weekday,0,0,Cloudy,0.5,None,816,Wet Season,19,601.2,540.8
2024-01-09,Event Area,1,Weekday,0,0,Cloudy,0.5,None,3074,Wet Season,13,890.0,763.4
2024-01-09,Legian-side Beach Zone,1,Weekday,0,0,Cloudy,0.5,Market Day,2660,Wet Season,10,478.2,770.8
2024-01-10,Beachwalk Area,2,Weekday,0,0,Sunny,0.0,None,2417,Wet Season,8,718.4,671.7
2024-01-10,Main Beach Gate,2,Weekday,0,0,Sunny,0.0,None,1365,Wet Season,10,570.9,571.9
2024-01-10,Food Vendor Area,2,Weekday,0,0,Sunny,0.0,None,2111,Wet Season,22,579.2,674.2
2024-01-10,Parking Area,2,Weekday,0,0,Sunny,0.0,None,954,Wet Season,17,385.1,413.9
2024-01-10,Hotel Front Area,2,Weekday,0,0,Sunny,0.0,None,2216,Wet Season,18,540.8,521.1
2024-01-10,Event Area,2,Weekday,0,0,Sunny,0.0,None,2181,Wet Season,10,763.4,680.9
2024-01-10,Legian-side Beach Zone,2,Weekday,0,0,Sunny,0.0,None,1627,Wet Season,14,770.8,562.0
2024-01-11,Beachwalk Area,3,Weekday,0,0,Rainy,18.0,None,1678,Wet Season,21,671.7,776.3
2024-01-11,Main Beach Gate,3,Weekday,0,0,Rainy,18.0,None,1915,Wet Season,9,571.9,550.7
2024-01-11,Food Vendor Area,3,Weekday,0,0,Rainy,18.0,None,1653,Wet Season,26,674.2,654.5
2024-01-11,Parking Area,3,Weekday,0,0,Rainy,18.0,None,1948,Wet Season,29,413.9,449.5
2024-01-11,Hotel Front Area,3,Weekday,0,0,Rainy,18.0,Sports Event,3439,Wet Season,29,521.1,884.3
2024-01-11,Event Area,3,Weekday,0,0,Rainy,18.0,None,1488,Wet Season,28,680.9,661.7
2024-01-11,Legian-side Beach Zone,3,Weekday,0,0,Rainy,18.0,None,1926,Wet Season,11,562.0,606.5
2024-01-12,Beachwalk Area,4,Weekday,0,0,Cloudy,0.8,None,2429,Wet Season,27,776.3,608.1
2024-01-12,Main Beach Gate,4,Weekday,0,0,Cloudy,0.8,None,1929,Wet Season,26,550.7,578.2
2024-01-12,Food Vendor Area,4,Weekday,0,0,Cloudy,0.8,None,2427,Wet Season,12,654.5,597.0
2024-01-12,Parking Area,4,Weekday,0,0,Cloudy,0.8,None,1950,Wet Season,16,449.5,436.4
2024-01-12,Hotel Front Area,4,Weekday,0,0,Cloudy,0.8,Cultural Ceremony,2548,Wet Season,29,884.3,877.3
2024-01-12,Event Area,4,Weekday,0,0,Cloudy,0.8,None,2374,Wet Season,23,661.7,665.8
2024-01-12,Legian-side Beach Zone,4,Weekday,0,0,Cloudy,0.8,None,1380,Wet Season,29,606.5,509.9
2024-01-13,Beachwalk Area,5,Weekend,1,0,Sunny,0.0,None,4109,Wet Season,12,608.1,752.8
2024-01-13,Main Beach Gate,5,Weekend,1,0,Sunny,0.0,None,2655,Wet Season,12,578.2,615.1
2024-01-13,Food Vendor Area,5,Weekend,1,0,Sunny,0.0,None,2284,Wet Season,27,597.0,638.3
2024-01-13,Parking Area,5,Weekend,1,0,Sunny,0.0,Cultural Ceremony,3691,Wet Season,11,436.4,744.9
2024-01-13,Hotel Front Area,5,Weekend,1,0,Sunny,0.0,None,1068,Wet Season,17,877.3,737.4
2024-01-13,Event Area,5,Weekend,1,0,Sunny,0.0,None,3645,Wet Season,17,665.8,846.0
2024-01-13,Legian-side Beach Zone,5,Weekend,1,0,Sunny,0.0,None,2038,Wet Season,12,509.9,612.8
2024-01-14,Beachwalk Area,6,Weekend,1,0,Rainy,23.9,None,3084,Wet Season,27,752.8,907.3
2024-01-14,Main Beach Gate,6,Weekend,1,0,Rainy,23.9,None,1532,Wet Season,8,615.1,744.1
2024-01-14,Food Vendor Area,6,Weekend,1,0,Rainy,23.9,None,3166,Wet Season,19,638.3,783.0
2024-01-14,Parking Area,6,Weekend,1,0,Rainy,23.9,None,2425,Wet Season,19,744.9,585.9
2024-01-14,Hotel Front Area,6,Weekend,1,0,Rainy,23.9,None,2762,Wet Season,9,737.4,644.1
2024-01-14,Event Area,6,Weekend,1,0,Rainy,23.9,None,2776,Wet Season,24,846.0,973.8
2024-01-14,Legian-side Beach Zone,6,Weekend,1,0,Rainy,23.9,None,2299,Wet Season,9,612.8,626.3
2024-01-15,Beachwalk Area,0,Weekday,0,0,Rainy,18.9,None,2657,Wet Season,11,907.3,818.1
2024-01-15,Main Beach Gate,0,Weekday,0,0,Rainy,18.9,None,1475,Wet Season,17,744.1,613.3
2024-01-15,Food Vendor Area,0,Weekday,0,0,Rainy,18.9,None,1538,Wet Season,24,783.0,739.5
2024-01-15,Parking Area,0,Weekday,0,0,Rainy,18.9,None,1808,Wet Season,14,585.9,529.6
2024-01-15,Hotel Front Area,0,Weekday,0,0,Rainy,18.9,None,836,Wet Season,19,644.1,521.5
2024-01-15,Event Area,0,Weekday,0,0,Rainy,18.9,None,1422,Wet Season,10,973.8,746.4
2024-01-15,Legian-side Beach Zone,0,Weekday,0,0,Rainy,18.9,None,861,Wet Season,27,626.3,561.2
2024-01-16,Beachwalk Area,1,Weekday,0,0,Cloudy,1.8,None,1673,Wet Season,16,818.1,750.0
2024-01-16,Main Beach Gate,1,Weekday,0,0,Cloudy,1.8,None,1517,Wet Season,27,613.3,552.8
2024-01-16,Food Vendor Area,1,Weekday,0,0,Cloudy,1.8,None,1684,Wet Season,12,739.5,625.6
2024-01-16,Parking Area,1,Weekday,0,0,Cloudy,1.8,None,1690,Wet Season,28,529.6,464.0
2024-01-16,Hotel Front Area,1,Weekday,0,0,Cloudy,1.8,None,1368,Wet Season,14,521.5,435.9
2024-01-16,Event Area,1,Weekday,0,0,Cloudy,1.8,None,2427,Wet Season,21,746.4,699.3
2024-01-16,Legian-side Beach Zone,1,Weekday,0,0,Cloudy,1.8,None,2038,Wet Season,18,561.2,507.4
2024-01-17,Beachwalk Area,2,Weekday,0,0,Stormy,47.5,None,2396,Wet Season,13,750.0,725.4
2024-01-17,Main Beach Gate,2,Weekday,0,0,Stormy,47.5,None,969,Wet Season,16,552.8,648.6
2024-01-17,Food Vendor Area,2,Weekday,0,0,Stormy,47.5,None,2340,Wet Season,12,625.6,689.7
2024-01-17,Parking Area,2,Weekday,0,0,Stormy,47.5,None,2188,Wet Season,8,464.0,574.5
2024-01-17,Hotel Front Area,2,Weekday,0,0,Stormy,47.5,None,2150,Wet Season,20,435.9,567.4
2024-01-17,Event Area,2,Weekday,0,0,Stormy,47.5,None,3133,Wet Season,26,699.3,859.3
2024-01-17,Legian-side Beach Zone,2,Weekday,0,0,Stormy,47.5,None,890,Wet Season,17,507.4,563.9
2024-01-18,Beachwalk Area,3,Weekday,0,0,Sunny,0.0,None,2032,Wet Season,25,725.4,653.1
2024-01-18,Main Beach Gate,3,Weekday,0,0,Sunny,0.0,Sports Event,2029,Wet Season,16,648.6,951.0
2024-01-18,Food Vendor Area,3,Weekday,0,0,Sunny,0.0,None,1147,Wet Season,24,689.7,524.7
2024-01-18,Parking Area,3,Weekday,0,0,Sunny,0.0,None,1940,Wet Season,13,574.5,521.5
2024-01-18,Hotel Front Area,3,Weekday,0,0,Sunny,0.0,None,972,Wet Season,22,567.4,526.2
2024-01-18,Event Area,3,Weekday,0,0,Sunny,0.0,None,1402,Wet Season,12,859.3,689.4
2024-01-18,Legian-side Beach Zone,3,Weekday,0,0,Sunny,0.0,None,2264,Wet Season,25,563.9,435.3
2024-01-19,Beachwalk Area,4,Weekday,0,0,Cloudy,0.6,None,3344,Wet Season,29,653.1,643.4
2024-01-19,Main Beach Gate,4,Weekday,0,0,Cloudy,0.6,None,1770,Wet Season,19,951.0,736.9
2024-01-19,Food Vendor Area,4,Weekday,0,0,Cloudy,0.6,Sports Event,4730,Wet Season,15,524.7,897.9
2024-01-19,Parking Area,4,Weekday,0,0,Cloudy,0.6,None,2471,Wet Season,25,521.5,414.8
2024-01-19,Hotel Front Area,4,Weekday,0,0,Cloudy,0.6,None,1539,Wet Season,29,526.2,405.0
2024-01-19,Event Area,4,Weekday,0,0,Cloudy,0.6,Market Day,3853,Wet Season,20,689.4,1067.5
2024-01-19,Legian-side Beach Zone,4,Weekday,0,0,Cloudy,0.6,None,2417,Wet Season,26,435.3,478.9
2024-01-20,Beachwalk Area,5,Weekend,1,0,Rainy,13.4,None,3758,Wet Season,20,643.4,781.8
2024-01-20,Main Beach Gate,5,Weekend,1,0,Rainy,13.4,None,1524,Wet Season,8,736.9,785.2
2024-01-20,Food Vendor Area,5,Weekend,1,0,Rainy,13.4,None,2147,Wet Season,29,897.9,951.7
2024-01-20,Parking Area,5,Weekend,1,0,Rainy,13.4,None,3162,Wet Season,16,414.8,531.8
2024-01-20,Hotel Front Area,5,Weekend,1,0,Rainy,13.4,None,2108,Wet Season,13,405.0,668.3
2024-01-20,Event Area,5,Weekend,1,0,Rainy,13.4,None,4491,Wet Season,13,1067.5,1243.2
2024-01-20,Legian-side Beach Zone,5,Weekend,1,0,Rainy,13.4,None,3104,Wet Season,12,478.9,704.5
2024-01-21,Beachwalk Area,6,Weekend,1,0,Cloudy,0.5,Beach Festival,2745,Wet Season,11,781.8,1580.0
2024-01-21,Main Beach Gate,6,Weekend,1,0,Cloudy,0.5,None,1082,Wet Season,15,785.2,582.4
2024-01-21,Food Vendor Area,6,Weekend,1,0,Cloudy,0.5,None,1608,Wet Season,29,951.7,878.1
2024-01-21,Parking Area,6,Weekend,1,0,Cloudy,0.5,None,2440,Wet Season,19,531.8,528.6
2024-01-21,Hotel Front Area,6,Weekend,1,0,Cloudy,0.5,None,1560,Wet Season,23,668.3,594.4
2024-01-21,Event Area,6,Weekend,1,0,Cloudy,0.5,None,3733,Wet Season,28,1243.2,1031.8
2024-01-21,Legian-side Beach Zone,6,Weekend,1,0,Cloudy,0.5,None,1172,Wet Season,13,704.5,639.9
2024-01-22,Beachwalk Area,0,Weekday,0,0,Stormy,44.3,None,3021,Wet Season,26,1580.0,1162.4
2024-01-22,Main Beach Gate,0,Weekday,0,0,Stormy,44.3,None,965,Wet Season,8,582.4,697.5
2024-01-22,Food Vendor Area,0,Weekday,0,0,Stormy,44.3,None,1558,Wet Season,17,878.1,839.5
2024-01-22,Parking Area,0,Weekday,0,0,Stormy,44.3,None,1699,Wet Season,17,528.6,552.8
2024-01-22,Hotel Front Area,0,Weekday,0,0,Stormy,44.3,None,2331,Wet Season,27,594.4,571.7
2024-01-22,Event Area,0,Weekday,0,0,Stormy,44.3,None,1192,Wet Season,9,1031.8,857.9
2024-01-22,Legian-side Beach Zone,0,Weekday,0,0,Stormy,44.3,None,910,Wet Season,23,639.9,486.1
2024-01-23,Beachwalk Area,1,Weekday,0,0,Sunny,0.0,None,1622,Wet Season,11,1162.4,786.5
2024-01-23,Main Beach Gate,1,Weekday,0,0,Sunny,0.0,None,2018,Wet Season,25,697.5,594.8
2024-01-23,Food Vendor Area,1,Weekday,0,0,Sunny,0.0,None,1828,Wet Season,25,839.5,615.8
2024-01-23,Parking Area,1,Weekday,0,0,Sunny,0.0,None,2228,Wet Season,13,552.8,424.1
2024-01-23,Hotel Front Area,1,Weekday,0,0,Sunny,0.0,None,1145,Wet Season,21,571.7,456.7
2024-01-23,Event Area,1,Weekday,0,0,Sunny,0.0,None,2654,Wet Season,22,857.9,755.4
2024-01-23,Legian-side Beach Zone,1,Weekday,0,0,Sunny,0.0,None,1149,Wet Season,18,486.1,490.8
2024-01-24,Beachwalk Area,2,Weekday,0,0,Sunny,0.0,None,2912,Wet Season,15,786.5,749.0
2024-01-24,Main Beach Gate,2,Weekday,0,0,Sunny,0.0,None,1518,Wet Season,22,594.8,514.5
2024-01-24,Food Vendor Area,2,Weekday,0,0,Sunny,0.0,None,1273,Wet Season,21,615.8,573.8
2024-01-24,Parking Area,2,Weekday,0,0,Sunny,0.0,None,1325,Wet Season,26,424.1,416.7
2024-01-24,Hotel Front Area,2,Weekday,0,0,Sunny,0.0,None,1549,Wet Season,18,456.7,454.8
2024-01-24,Event Area,2,Weekday,0,0,Sunny,0.0,Cultural Ceremony,4567,Wet Season,22,755.4,941.6
2024-01-24,Legian-side Beach Zone,2,Weekday,0,0,Sunny,0.0,None,827,Wet Season,17,490.8,438.3
2024-01-25,Beachwalk Area,3,Weekday,0,0,Rainy,6.8,None,1870,Wet Season,24,749.0,688.3
2024-01-25,Main Beach Gate,3,Weekday,0,0,Rainy,6.8,None,2217,Wet Season,10,514.5,644.8
2024-01-25,Food Vendor Area,3,Weekday,0,0,Rainy,6.8,None,1027,Wet Season,22,573.8,661.3
2024-01-25,Parking Area,3,Weekday,0,0,Rainy,6.8,None,2192,Wet Season,19,416.7,394.2
2024-01-25,Hotel Front Area,3,Weekday,0,0,Rainy,6.8,None,2341,Wet Season,27,454.8,531.5
2024-01-25,Event Area,3,Weekday,0,0,Rainy,6.8,None,1559,Wet Season,20,941.6,750.0
2024-01-25,Legian-side Beach Zone,3,Weekday,0,0,Rainy,6.8,None,2260,Wet Season,29,438.3,445.6
2024-01-26,Beachwalk Area,4,Weekday,0,0,Cloudy,1.0,None,3176,Wet Season,16,688.3,588.6
2024-01-26,Main Beach Gate,4,Weekday,0,0,Cloudy,1.0,None,1863,Wet Season,12,644.8,680.4
2024-01-26,Food Vendor Area,4,Weekday,0,0,Cloudy,1.0,None,2145,Wet Season,27,661.3,699.5
2024-01-26,Parking Area,4,Weekday,0,0,Cloudy,1.0,None,1445,Wet Season,29,394.2,357.3
2024-01-26,Hotel Front Area,4,Weekday,0,0,Cloudy,1.0,None,1746,Wet Season,9,531.5,517.7
2024-01-26,Event Area,4,Weekday,0,0,Cloudy,1.0,None,3161,Wet Season,20,750.0,763.4
2024-01-26,Legian-side Beach Zone,4,Weekday,0,0,Cloudy,1.0,None,1941,Wet Season,11,445.6,461.3
2024-01-27,Beachwalk Area,5,Weekend,1,0,Rainy,9.8,Cultural Ceremony,4729,Wet Season,12,588.6,1468.8
2024-01-27,Main Beach Gate,5,Weekend,1,0,Rainy,9.8,None,2137,Wet Season,18,680.4,755.4
2024-01-27,Food Vendor Area,5,Weekend,1,0,Rainy,9.8,None,1051,Wet Season,12,699.5,729.7
2024-01-27,Parking Area,5,Weekend,1,0,Rainy,9.8,None,1055,Wet Season,15,357.3,526.9
2024-01-27,Hotel Front Area,5,Weekend,1,0,Rainy,9.8,None,3166,Wet Season,16,517.7,692.8
2024-01-27,Event Area,5,Weekend,1,0,Rainy,9.8,None,4318,Wet Season,10,763.4,964.8
2024-01-27,Legian-side Beach Zone,5,Weekend,1,0,Rainy,9.8,None,1452,Wet Season,19,461.3,550.5
2024-01-28,Beachwalk Area,6,Weekend,1,0,Stormy,59.6,Music Concert,10465,Wet Season,29,1468.8,2141.4
2024-01-28,Main Beach Gate,6,Weekend,1,0,Stormy,59.6,None,2173,Wet Season,12,755.4,780.7
2024-01-28,Food Vendor Area,6,Weekend,1,0,Stormy,59.6,Market Day,5980,Wet Season,21,729.7,1315.3
2024-01-28,Parking Area,6,Weekend,1,0,Stormy,59.6,None,2424,Wet Season,25,526.9,650.1
2024-01-28,Hotel Front Area,6,Weekend,1,0,Stormy,59.6,None,3053,Wet Season,26,692.8,756.2
2024-01-28,Event Area,6,Weekend,1,0,Stormy,59.6,None,2499,Wet Season,22,964.8,1037.0
2024-01-28,Legian-side Beach Zone,6,Weekend,1,0,Stormy,59.6,None,2347,Wet Season,9,550.5,704.1
2024-01-29,Beachwalk Area,0,Weekday,0,0,Stormy,45.0,Music Concert,3716,Wet Season,17,2141.4,1884.8
2024-01-29,Main Beach Gate,0,Weekday,0,0,Stormy,45.0,None,2492,Wet Season,8,780.7,746.8
2024-01-29,Food Vendor Area,0,Weekday,0,0,Stormy,45.0,None,1219,Wet Season,13,1315.3,999.8
2024-01-29,Parking Area,0,Weekday,0,0,Stormy,45.0,None,2234,Wet Season,8,650.1,492.5
2024-01-29,Hotel Front Area,0,Weekday,0,0,Stormy,45.0,None,2345,Wet Season,12,756.2,743.3
2024-01-29,Event Area,0,Weekday,0,0,Stormy,45.0,None,2247,Wet Season,20,1037.0,772.9
2024-01-29,Legian-side Beach Zone,0,Weekday,0,0,Stormy,45.0,None,1015,Wet Season,27,704.1,547.0
2024-01-30,Beachwalk Area,1,Weekday,0,0,Rainy,8.0,None,2300,Wet Season,20,1884.8,1143.4
2024-01-30,Main Beach Gate,1,Weekday,0,0,Rainy,8.0,None,1554,Wet Season,11,746.8,679.4
2024-01-30,Food Vendor Area,1,Weekday,0,0,Rainy,8.0,None,868,Wet Season,27,999.8,670.9
2024-01-30,Parking Area,1,Weekday,0,0,Rainy,8.0,None,1349,Wet Season,13,492.5,463.8
2024-01-30,Hotel Front Area,1,Weekday,0,0,Rainy,8.0,None,1101,Wet Season,18,743.3,509.3
2024-01-30,Event Area,1,Weekday,0,0,Rainy,8.0,None,2459,Wet Season,25,772.9,784.8
2024-01-30,Legian-side Beach Zone,1,Weekday,0,0,Rainy,8.0,Sports Event,3604,Wet Season,11,547.0,1036.6
2024-01-31,Beachwalk Area,2,Weekday,0,0,Rainy,5.5,None,2531,Wet Season,16,1143.4,835.8
2024-01-31,Main Beach Gate,2,Weekday,0,0,Rainy,5.5,None,2119,Wet Season,16,679.4,701.9
2024-01-31,Food Vendor Area,2,Weekday,0,0,Rainy,5.5,None,1613,Wet Season,12,670.9,807.9
2024-01-31,Parking Area,2,Weekday,0,0,Rainy,5.5,None,2005,Wet Season,8,463.8,539.2
2024-01-31,Hotel Front Area,2,Weekday,0,0,Rainy,5.5,None,1735,Wet Season,22,509.3,496.7
2024-01-31,Event Area,2,Weekday,0,0,Rainy,5.5,Beach Festival,3226,Wet Season,28,784.8,1536.3
2024-01-31,Legian-side Beach Zone,2,Weekday,0,0,Rainy,5.5,None,1043,Wet Season,18,1036.6,719.3
2024-02-01,Beachwalk Area,3,Weekday,0,0,Rainy,14.6,None,2014,Wet Season,18,835.8,646.3
2024-02-01,Main Beach Gate,3,Weekday,0,0,Rainy,14.6,None,2005,Wet Season,14,701.9,601.2
2024-02-01,Food Vendor Area,3,Weekday,0,0,Rainy,14.6,Beach Festival,2225,Wet Season,18,807.9,1401.5
2024-02-01,Parking Area,3,Weekday,0,0,Rainy,14.6,Market Day,3141,Wet Season,27,539.2,655.6
2024-02-01,Hotel Front Area,3,Weekday,0,0,Rainy,14.6,None,1141,Wet Season,15,496.7,495.7
2024-02-01,Event Area,3,Weekday,0,0,Rainy,14.6,None,2749,Wet Season,26,1536.3,908.3
2024-02-01,Legian-side Beach Zone,3,Weekday,0,0,Rainy,14.6,None,831,Wet Season,24,719.3,463.5
2024-02-02,Beachwalk Area,4,Weekday,0,0,Rainy,16.3,Music Concert,5671,Wet Season,29,646.3,1568.6
2024-02-02,Main Beach Gate,4,Weekday,0,0,Rainy,16.3,None,1746,Wet Season,11,601.2,571.5
2024-02-02,Food Vendor Area,4,Weekday,0,0,Rainy,16.3,None,2466,Wet Season,17,1401.5,835.7
2024-02-02,Parking Area,4,Weekday,0,0,Rainy,16.3,None,2203,Wet Season,8,655.6,469.7
2024-02-02,Hotel Front Area,4,Weekday,0,0,Rainy,16.3,None,2001,Wet Season,14,495.7,576.8
2024-02-02,Event Area,4,Weekday,0,0,Rainy,16.3,Music Concert,3485,Wet Season,15,908.3,1475.8
2024-02-02,Legian-side Beach Zone,4,Weekday,0,0,Rainy,16.3,None,1378,Wet Season,26,463.5,495.4
2024-02-03,Beachwalk Area,5,Weekend,1,0,Cloudy,0.2,None,3459,Wet Season,21,1568.6,1168.1
2024-02-03,Main Beach Gate,5,Weekend,1,0,Cloudy,0.2,None,1253,Wet Season,29,571.5,564.7
2024-02-03,Food Vendor Area,5,Weekend,1,0,Cloudy,0.2,None,2265,Wet Season,25,835.7,664.7
2024-02-03,Parking Area,5,Weekend,1,0,Cloudy,0.2,Market Day,1994,Wet Season,26,469.7,690.9
2024-02-03,Hotel Front Area,5,Weekend,1,0,Cloudy,0.2,None,1706,Wet Season,8,576.8,672.3
2024-02-03,Event Area,5,Weekend,1,0,Cloudy,0.2,Cultural Ceremony,6231,Wet Season,19,1475.8,1696.4
2024-02-03,Legian-side Beach Zone,5,Weekend,1,0,Cloudy,0.2,None,2702,Wet Season,16,495.4,541.6
2024-02-04,Beachwalk Area,6,Weekend,1,0,Cloudy,1.9,None,3827,Wet Season,24,1168.1,1055.9
2024-02-04,Main Beach Gate,6,Weekend,1,0,Cloudy,1.9,None,1205,Wet Season,24,564.7,613.6
2024-02-04,Food Vendor Area,6,Weekend,1,0,Cloudy,1.9,None,1716,Wet Season,15,664.7,757.7
2024-02-04,Parking Area,6,Weekend,1,0,Cloudy,1.9,None,2631,Wet Season,29,690.9,595.9
2024-02-04,Hotel Front Area,6,Weekend,1,0,Cloudy,1.9,None,1904,Wet Season,20,672.3,641.6
2024-02-04,Event Area,6,Weekend,1,0,Cloudy,1.9,None,2978,Wet Season,25,1696.4,1119.5
2024-02-04,Legian-side Beach Zone,6,Weekend,1,0,Cloudy,1.9,None,1092,Wet Season,13,541.6,493.7
2024-02-05,Beachwalk Area,0,Weekday,0,0,Rainy,14.9,None,3432,Wet Season,17,1055.9,757.2
2024-02-05,Main Beach Gate,0,Weekday,0,0,Rainy,14.9,None,2110,Wet Season,13,613.6,689.2
2024-02-05,Food Vendor Area,0,Weekday,0,0,Rainy,14.9,None,1620,Wet Season,14,757.7,747.6
2024-02-05,Parking Area,0,Weekday,0,0,Rainy,14.9,None,1780,Wet Season,21,595.9,422.1
2024-02-05,Hotel Front Area,0,Weekday,0,0,Rainy,14.9,None,2186,Wet Season,8,641.6,523.9
2024-02-05,Event Area,0,Weekday,0,0,Rainy,14.9,None,2230,Wet Season,28,1119.5,945.2
2024-02-05,Legian-side Beach Zone,0,Weekday,0,0,Rainy,14.9,None,1475,Wet Season,24,493.7,517.2
2024-02-06,Beachwalk Area,1,Weekday,0,0,Rainy,24.0,None,2048,Wet Season,29,757.2,649.0
2024-02-06,Main Beach Gate,1,Weekday,0,0,Rainy,24.0,None,2371,Wet Season,22,689.2,586.0
2024-02-06,Food Vendor Area,1,Weekday,0,0,Rainy,24.0,None,2314,Wet Season,24,747.6,697.2
2024-02-06,Parking Area,1,Weekday,0,0,Rainy,24.0,None,1281,Wet Season,16,422.1,459.9
2024-02-06,Hotel Front Area,1,Weekday,0,0,Rainy,24.0,None,1512,Wet Season,15,523.9,546.7
2024-02-06,Event Area,1,Weekday,0,0,Rainy,24.0,None,2433,Wet Season,15,945.2,794.7
2024-02-06,Legian-side Beach Zone,1,Weekday,0,0,Rainy,24.0,None,930,Wet Season,25,517.2,523.1
2024-02-07,Beachwalk Area,2,Weekday,0,0,Rainy,10.4,None,1503,Wet Season,12,649.0,643.4
2024-02-07,Main Beach Gate,2,Weekday,0,0,Rainy,10.4,None,1756,Wet Season,24,586.0,665.6
2024-02-07,Food Vendor Area,2,Weekday,0,0,Rainy,10.4,None,811,Wet Season,23,697.2,722.4
2024-02-07,Parking Area,2,Weekday,0,0,Rainy,10.4,None,1460,Wet Season,24,459.9,461.6
2024-02-07,Hotel Front Area,2,Weekday,0,0,Rainy,10.4,None,1509,Wet Season,15,546.7,479.5
2024-02-07,Event Area,2,Weekday,0,0,Rainy,10.4,None,3469,Wet Season,16,794.7,893.2
2024-02-07,Legian-side Beach Zone,2,Weekday,0,0,Rainy,10.4,Cultural Ceremony,4460,Wet Season,28,523.1,796.5
2024-02-08,Beachwalk Area,3,Weekday,0,0,Cloudy,0.2,None,2354,Wet Season,23,643.4,567.7
2024-02-08,Main Beach Gate,3,Weekday,0,0,Cloudy,0.2,None,2300,Wet Season,25,665.6,616.0
2024-02-08,Food Vendor Area,3,Weekday,0,0,Cloudy,0.2,Music Concert,2428,Wet Season,14,722.4,1212.0
2024-02-08,Parking Area,3,Weekday,0,0,Cloudy,0.2,None,1794,Wet Season,19,461.6,366.2
2024-02-08,Hotel Front Area,3,Weekday,0,0,Cloudy,0.2,Market Day,3668,Wet Season,19,479.5,686.2
2024-02-08,Event Area,3,Weekday,0,0,Cloudy,0.2,None,3274,Wet Season,29,893.2,710.9
2024-02-08,Legian-side Beach Zone,3,Weekday,0,0,Cloudy,0.2,None,815,Wet Season,20,796.5,539.6
2024-02-09,Beachwalk Area,4,Weekday,0,0,Cloudy,0.0,None,1698,Wet Season,20,567.7,609.9
2024-02-09,Main Beach Gate,4,Weekday,0,0,Cloudy,0.0,None,1862,Wet Season,21,616.0,524.7
2024-02-09,Food Vendor Area,4,Weekday,0,0,Cloudy,0.0,None,1276,Wet Season,28,1212.0,754.6
2024-02-09,Parking Area,4,Weekday,0,0,Cloudy,0.0,None,2062,Wet Season,17,366.2,342.7
2024-02-09,Hotel Front Area,4,Weekday,0,0,Cloudy,0.0,None,1139,Wet Season,12,686.2,578.4
2024-02-09,Event Area,4,Weekday,0,0,Cloudy,0.0,Market Day,4943,Wet Season,25,710.9,920.9
2024-02-09,Legian-side Beach Zone,4,Weekday,0,0,Cloudy,0.0,None,2488,Wet Season,23,539.6,411.7
2024-02-10,Beachwalk Area,5,Weekend,1,0,Stormy,37.1,None,3942,Wet Season,11,609.9,904.5
2024-02-10,Main Beach Gate,5,Weekend,1,0,Stormy,37.1,None,1118,Wet Season,12,524.7,668.7
2024-02-10,Food Vendor Area,5,Weekend,1,0,Stormy,37.1,None,2941,Wet Season,21,754.6,915.3
2024-02-10,Parking Area,5,Weekend,1,0,Stormy,37.1,None,1332,Wet Season,14,342.7,637.4
2024-02-10,Hotel Front Area,5,Weekend,1,0,Stormy,37.1,None,3227,Wet Season,29,578.4,721.1
2024-02-10,Event Area,5,Weekend,1,0,Stormy,37.1,None,3918,Wet Season,18,920.9,931.4
2024-02-10,Legian-side Beach Zone,5,Weekend,1,0,Stormy,37.1,None,2017,Wet Season,10,411.7,708.6
2024-02-11,Beachwalk Area,6,Weekend,1,0,Rainy,17.6,Beach Festival,7334,Wet Season,24,904.5,1729.0
2024-02-11,Main Beach Gate,6,Weekend,1,0,Rainy,17.6,None,1935,Wet Season,25,668.7,769.5
2024-02-11,Food Vendor Area,6,Weekend,1,0,Rainy,17.6,Music Concert,3540,Wet Season,22,915.3,1627.1
2024-02-11,Parking Area,6,Weekend,1,0,Rainy,17.6,None,2834,Wet Season,9,637.4,638.5
2024-02-11,Hotel Front Area,6,Weekend,1,0,Rainy,17.6,None,1864,Wet Season,16,721.1,582.7
2024-02-11,Event Area,6,Weekend,1,0,Rainy,17.6,None,1762,Wet Season,16,931.4,885.7
2024-02-11,Legian-side Beach Zone,6,Weekend,1,0,Rainy,17.6,None,2883,Wet Season,9,708.6,697.9
2024-02-12,Beachwalk Area,0,Weekday,0,0,Cloudy,0.5,None,3395,Wet Season,25,1729.0,866.0
2024-02-12,Main Beach Gate,0,Weekday,0,0,Cloudy,0.5,None,1772,Wet Season,12,769.5,722.4
2024-02-12,Food Vendor Area,0,Weekday,0,0,Cloudy,0.5,Market Day,2062,Wet Season,26,1627.1,1230.8
2024-02-12,Parking Area,0,Weekday,0,0,Cloudy,0.5,None,839,Wet Season,20,638.5,414.1
2024-02-12,Hotel Front Area,0,Weekday,0,0,Cloudy,0.5,None,1970,Wet Season,23,582.7,521.2
2024-02-12,Event Area,0,Weekday,0,0,Cloudy,0.5,None,3351,Wet Season,23,885.7,798.2
2024-02-12,Legian-side Beach Zone,0,Weekday,0,0,Cloudy,0.5,None,2168,Wet Season,28,697.9,550.0
2024-02-13,Beachwalk Area,1,Weekday,0,0,Rainy,20.1,None,1898,Wet Season,26,866.0,844.3
2024-02-13,Main Beach Gate,1,Weekday,0,0,Rainy,20.1,Music Concert,5070,Wet Season,25,722.4,1500.5
2024-02-13,Food Vendor Area,1,Weekday,0,0,Rainy,20.1,None,2347,Wet Season,14,1230.8,809.0
2024-02-13,Parking Area,1,Weekday,0,0,Rainy,20.1,None,2490,Wet Season,24,414.1,457.7
2024-02-13,Hotel Front Area,1,Weekday,0,0,Rainy,20.1,None,1665,Wet Season,20,521.2,557.4
2024-02-13,Event Area,1,Weekday,0,0,Rainy,20.1,Cultural Ceremony,7088,Wet Season,22,798.2,1409.5
2024-02-13,Legian-side Beach Zone,1,Weekday,0,0,Rainy,20.1,None,2019,Wet Season,27,550.0,542.8
2024-02-14,Beachwalk Area,2,Weekday,0,0,Sunny,0.0,None,2576,Wet Season,19,844.3,615.2
2024-02-14,Main Beach Gate,2,Weekday,0,0,Sunny,0.0,None,1504,Wet Season,29,1500.5,836.0
2024-02-14,Food Vendor Area,2,Weekday,0,0,Sunny,0.0,Cultural Ceremony,5177,Wet Season,19,809.0,1094.6
2024-02-14,Parking Area,2,Weekday,0,0,Sunny,0.0,None,1180,Wet Season,19,457.7,341.7
2024-02-14,Hotel Front Area,2,Weekday,0,0,Sunny,0.0,Music Concert,2746,Wet Season,9,557.4,1019.8
2024-02-14,Event Area,2,Weekday,0,0,Sunny,0.0,None,2690,Wet Season,20,1409.5,988.7
2024-02-14,Legian-side Beach Zone,2,Weekday,0,0,Sunny,0.0,None,1596,Wet Season,18,542.8,423.9
2024-02-15,Beachwalk Area,3,Weekday,0,0,Sunny,0.0,None,2583,Wet Season,18,615.2,595.0
2024-02-15,Main Beach Gate,3,Weekday,0,0,Sunny,0.0,None,1547,Wet Season,28,836.0,683.0
2024-02-15,Food Vendor Area,3,Weekday,0,0,Sunny,0.0,None,883,Wet Season,13,1094.6,812.9
2024-02-15,Parking Area,3,Weekday,0,0,Sunny,0.0,None,2330,Wet Season,8,341.7,395.3
2024-02-15,Hotel Front Area,3,Weekday,0,0,Sunny,0.0,None,1985,Wet Season,10,1019.8,568.3
2024-02-15,Event Area,3,Weekday,0,0,Sunny,0.0,None,3285,Wet Season,25,988.7,866.0
2024-02-15,Legian-side Beach Zone,3,Weekday,0,0,Sunny,0.0,None,2407,Wet Season,21,423.9,405.3
2024-02-16,Beachwalk Area,4,Weekday,0,0,Sunny,0.0,None,2590,Wet Season,21,595.0,638.3
2024-02-16,Main Beach Gate,4,Weekday,0,0,Sunny,0.0,Market Day,3155,Wet Season,10,683.0,770.3
2024-02-16,Food Vendor Area,4,Weekday,0,0,Sunny,0.0,None,1533,Wet Season,21,812.9,664.2
2024-02-16,Parking Area,4,Weekday,0,0,Sunny,0.0,None,1320,Wet Season,13,395.3,375.6
2024-02-16,Hotel Front Area,4,Weekday,0,0,Sunny,0.0,None,1525,Wet Season,29,568.3,458.2
2024-02-16,Event Area,4,Weekday,0,0,Sunny,0.0,None,1936,Wet Season,18,866.0,817.8
2024-02-16,Legian-side Beach Zone,4,Weekday,0,0,Sunny,0.0,None,1073,Wet Season,25,405.3,407.4
2024-02-17,Beachwalk Area,5,Weekend,1,0,Rainy,10.8,None,2912,Wet Season,13,638.3,1026.7
2024-02-17,Main Beach Gate,5,Weekend,1,0,Rainy,10.8,None,2484,Wet Season,16,770.3,709.8
2024-02-17,Food Vendor Area,5,Weekend,1,0,Rainy,10.8,None,3243,Wet Season,22,664.2,819.9
2024-02-17,Parking Area,5,Weekend,1,0,Rainy,10.8,None,3227,Wet Season,8,375.6,588.1
2024-02-17,Hotel Front Area,5,Weekend,1,0,Rainy,10.8,Sports Event,2117,Wet Season,16,458.2,973.6
2024-02-17,Event Area,5,Weekend,1,0,Rainy,10.8,Sports Event,8591,Wet Season,9,817.8,2066.4
2024-02-17,Legian-side Beach Zone,5,Weekend,1,0,Rainy,10.8,None,1197,Wet Season,25,407.4,596.7
2024-02-18,Beachwalk Area,6,Weekend,1,0,Sunny,0.0,None,2030,Wet Season,10,1026.7,1034.7
2024-02-18,Main Beach Gate,6,Weekend,1,0,Sunny,0.0,None,2464,Wet Season,14,709.8,760.1
2024-02-18,Food Vendor Area,6,Weekend,1,0,Sunny,0.0,None,1969,Wet Season,15,819.9,870.1
2024-02-18,Parking Area,6,Weekend,1,0,Sunny,0.0,None,2479,Wet Season,22,588.1,587.6
2024-02-18,Hotel Front Area,6,Weekend,1,0,Sunny,0.0,Sports Event,2680,Wet Season,29,973.6,1061.9
2024-02-18,Event Area,6,Weekend,1,0,Sunny,0.0,None,2926,Wet Season,17,2066.4,1197.1
2024-02-18,Legian-side Beach Zone,6,Weekend,1,0,Sunny,0.0,None,2385,Wet Season,19,596.7,516.8
2024-02-19,Beachwalk Area,0,Weekday,0,0,Stormy,28.8,None,3050,Wet Season,20,1034.7,790.5
2024-02-19,Main Beach Gate,0,Weekday,0,0,Stormy,28.8,None,1494,Wet Season,26,760.1,597.7
2024-02-19,Food Vendor Area,0,Weekday,0,0,Stormy,28.8,Music Concert,2677,Wet Season,16,870.1,1603.1
2024-02-19,Parking Area,0,Weekday,0,0,Stormy,28.8,None,1554,Wet Season,10,587.6,492.3
2024-02-19,Hotel Front Area,0,Weekday,0,0,Stormy,28.8,None,2030,Wet Season,8,1061.9,828.6
2024-02-19,Event Area,0,Weekday,0,0,Stormy,28.8,Market Day,2569,Wet Season,27,1197.1,1286.8
2024-02-19,Legian-side Beach Zone,0,Weekday,0,0,Stormy,28.8,None,2205,Wet Season,27,516.8,535.2
2024-02-20,Beachwalk Area,1,Weekday,0,0,Rainy,15.3,None,2902,Wet Season,28,790.5,733.8
2024-02-20,Main Beach Gate,1,Weekday,0,0,Rainy,15.3,None,1134,Wet Season,9,597.7,670.0
2024-02-20,Food Vendor Area,1,Weekday,0,0,Rainy,15.3,None,1554,Wet Season,26,1603.1,877.0
2024-02-20,Parking Area,1,Weekday,0,0,Rainy,15.3,None,2466,Wet Season,20,492.3,467.7
2024-02-20,Hotel Front Area,1,Weekday,0,0,Rainy,15.3,None,1666,Wet Season,15,828.6,589.3
2024-02-20,Event Area,1,Weekday,0,0,Rainy,15.3,None,2969,Wet Season,19,1286.8,889.6
2024-02-20,Legian-side Beach Zone,1,Weekday,0,0,Rainy,15.3,None,1092,Wet Season,12,535.2,454.3
2024-02-21,Beachwalk Area,2,Weekday,0,0,Rainy,6.9,None,1138,Wet Season,14,733.8,718.2
2024-02-21,Main Beach Gate,2,Weekday,0,0,Rainy,6.9,None,1637,Wet Season,24,670.0,589.1
2024-02-21,Food Vendor Area,2,Weekday,0,0,Rainy,6.9,None,865,Wet Season,10,877.0,784.2
2024-02-21,Parking Area,2,Weekday,0,0,Rainy,6.9,None,2247,Wet Season,19,467.7,409.4
2024-02-21,Hotel Front Area,2,Weekday,0,0,Rainy,6.9,None,2126,Wet Season,18,589.3,607.6
2024-02-21,Event Area,2,Weekday,0,0,Rainy,6.9,None,1947,Wet Season,17,889.6,771.1
2024-02-21,Legian-side Beach Zone,2,Weekday,0,0,Rainy,6.9,None,2184,Wet Season,8,454.3,516.0
2024-02-22,Beachwalk Area,3,Weekday,0,0,Rainy,24.0,None,2359,Wet Season,27,718.2,697.7
2024-02-22,Main Beach Gate,3,Weekday,0,0,Rainy,24.0,None,1486,Wet Season,12,589.1,628.1
2024-02-22,Food Vendor Area,3,Weekday,0,0,Rainy,24.0,None,2455,Wet Season,19,784.2,700.6
2024-02-22,Parking Area,3,Weekday,0,0,Rainy,24.0,None,1419,Wet Season,27,409.4,395.3
2024-02-22,Hotel Front Area,3,Weekday,0,0,Rainy,24.0,Market Day,2859,Wet Season,8,607.6,724.3
2024-02-22,Event Area,3,Weekday,0,0,Rainy,24.0,None,2634,Wet Season,12,771.1,718.8
2024-02-22,Legian-side Beach Zone,3,Weekday,0,0,Rainy,24.0,None,1835,Wet Season,17,516.0,484.2
2024-02-23,Beachwalk Area,4,Weekday,0,0,Rainy,18.7,Beach Festival,7369,Wet Season,14,697.7,1620.9
2024-02-23,Main Beach Gate,4,Weekday,0,0,Rainy,18.7,None,2001,Wet Season,19,628.1,610.3
2024-02-23,Food Vendor Area,4,Weekday,0,0,Rainy,18.7,None,2461,Wet Season,20,700.6,613.6
2024-02-23,Parking Area,4,Weekday,0,0,Rainy,18.7,None,1691,Wet Season,15,395.3,486.5
2024-02-23,Hotel Front Area,4,Weekday,0,0,Rainy,18.7,None,1468,Wet Season,13,724.3,673.2
2024-02-23,Event Area,4,Weekday,0,0,Rainy,18.7,Cultural Ceremony,6598,Wet Season,18,718.8,1279.8
2024-02-23,Legian-side Beach Zone,4,Weekday,0,0,Rainy,18.7,None,1968,Wet Season,15,484.2,546.9
2024-02-24,Beachwalk Area,5,Weekend,1,0,Rainy,7.3,None,2912,Wet Season,8,1620.9,1106.4
2024-02-24,Main Beach Gate,5,Weekend,1,0,Rainy,7.3,None,2438,Wet Season,23,610.3,753.0
2024-02-24,Food Vendor Area,5,Weekend,1,0,Rainy,7.3,Sports Event,4948,Wet Season,16,613.6,1545.0
2024-02-24,Parking Area,5,Weekend,1,0,Rainy,7.3,None,2054,Wet Season,16,486.5,476.2
2024-02-24,Hotel Front Area,5,Weekend,1,0,Rainy,7.3,None,2301,Wet Season,11,673.2,749.5
2024-02-24,Event Area,5,Weekend,1,0,Rainy,7.3,None,4488,Wet Season,13,1279.8,1148.0
2024-02-24,Legian-side Beach Zone,5,Weekend,1,0,Rainy,7.3,None,1554,Wet Season,16,546.9,561.3
2024-02-25,Beachwalk Area,6,Weekend,1,0,Stormy,35.0,None,2281,Wet Season,28,1106.4,973.1
2024-02-25,Main Beach Gate,6,Weekend,1,0,Stormy,35.0,None,1963,Wet Season,22,753.0,841.3
2024-02-25,Food Vendor Area,6,Weekend,1,0,Stormy,35.0,None,2984,Wet Season,8,1545.0,1098.9
2024-02-25,Parking Area,6,Weekend,1,0,Stormy,35.0,None,1171,Wet Season,18,476.2,568.0
2024-02-25,Hotel Front Area,6,Weekend,1,0,Stormy,35.0,None,2133,Wet Season,9,749.5,767.3
2024-02-25,Event Area,6,Weekend,1,0,Stormy,35.0,Cultural Ceremony,4139,Wet Season,13,1148.0,1989.0
2024-02-25,Legian-side Beach Zone,6,Weekend,1,0,Stormy,35.0,None,1903,Wet Season,19,561.3,572.9
2024-02-26,Beachwalk Area,0,Weekday,0,0,Rainy,9.9,None,1178,Wet Season,23,973.1,785.8
2024-02-26,Main Beach Gate,0,Weekday,0,0,Rainy,9.9,None,1163,Wet Season,18,841.3,556.0
2024-02-26,Food Vendor Area,0,Weekday,0,0,Rainy,9.9,None,1814,Wet Season,23,1098.9,827.3
2024-02-26,Parking Area,0,Weekday,0,0,Rainy,9.9,None,1592,Wet Season,11,568.0,571.4
2024-02-26,Hotel Front Area,0,Weekday,0,0,Rainy,9.9,Market Day,1740,Wet Season,9,767.3,753.8
2024-02-26,Event Area,0,Weekday,0,0,Rainy,9.9,None,1640,Wet Season,27,1989.0,1162.7
2024-02-26,Legian-side Beach Zone,0,Weekday,0,0,Rainy,9.9,None,1979,Wet Season,10,572.9,568.1
2024-02-27,Beachwalk Area,1,Weekday,0,0,Sunny,0.0,None,1121,Wet Season,24,785.8,751.4
2024-02-27,Main Beach Gate,1,Weekday,0,0,Sunny,0.0,None,1149,Wet Season,18,556.0,457.3
2024-02-27,Food Vendor Area,1,Weekday,0,0,Sunny,0.0,None,1862,Wet Season,20,827.3,594.6
2024-02-27,Parking Area,1,Weekday,0,0,Sunny,0.0,None,2064,Wet Season,17,571.4,409.4
2024-02-27,Hotel Front Area,1,Weekday,0,0,Sunny,0.0,None,1907,Wet Season,11,753.8,507.8
2024-02-27,Event Area,1,Weekday,0,0,Sunny,0.0,None,2793,Wet Season,20,1162.7,854.8
2024-02-27,Legian-side Beach Zone,1,Weekday,0,0,Sunny,0.0,None,1686,Wet Season,29,568.1,517.4
2024-02-28,Beachwalk Area,2,Weekday,0,0,Stormy,29.1,None,1132,Wet Season,17,751.4,836.1
2024-02-28,Main Beach Gate,2,Weekday,0,0,Stormy,29.1,None,1977,Wet Season,12,457.3,592.4
2024-02-28,Food Vendor Area,2,Weekday,0,0,Stormy,29.1,None,2435,Wet Season,14,594.6,780.1
2024-02-28,Parking Area,2,Weekday,0,0,Stormy,29.1,None,2499,Wet Season,17,409.4,465.1
2024-02-28,Hotel Front Area,2,Weekday,0,0,Stormy,29.1,None,1486,Wet Season,24,507.8,572.2
2024-02-28,Event Area,2,Weekday,0,0,Stormy,29.1,None,2001,Wet Season,28,854.8,716.2
2024-02-28,Legian-side Beach Zone,2,Weekday,0,0,Stormy,29.1,Music Concert,3048,Wet Season,18,517.4,1056.2
2024-02-29,Beachwalk Area,3,Weekday,0,0,Cloudy,1.2,None,2196,Wet Season,10,836.1,762.2
2024-02-29,Main Beach Gate,3,Weekday,0,0,Cloudy,1.2,None,2377,Wet Season,29,592.4,544.5
2024-02-29,Food Vendor Area,3,Weekday,0,0,Cloudy,1.2,None,1258,Wet Season,14,780.1,636.9
2024-02-29,Parking Area,3,Weekday,0,0,Cloudy,1.2,None,2403,Wet Season,13,465.1,467.3
2024-02-29,Hotel Front Area,3,Weekday,0,0,Cloudy,1.2,None,1805,Wet Season,11,572.2,457.7
2024-02-29,Event Area,3,Weekday,0,0,Cloudy,1.2,None,1220,Wet Season,15,716.2,627.3
2024-02-29,Legian-side Beach Zone,3,Weekday,0,0,Cloudy,1.2,None,1798,Wet Season,11,1056.2,640.3
2024-03-01,Beachwalk Area,4,Weekday,0,0,Rainy,18.4,Market Day,5248,Wet Season,25,762.2,1132.7
2024-03-01,Main Beach Gate,4,Weekday,0,0,Rainy,18.4,None,857,Wet Season,10,544.5,538.1
2024-03-01,Food Vendor Area,4,Weekday,0,0,Rainy,18.4,Sports Event,2922,Wet Season,10,636.9,1274.2
2024-03-01,Parking Area,4,Weekday,0,0,Rainy,18.4,None,2087,Wet Season,29,467.3,465.2
2024-03-01,Hotel Front Area,4,Weekday,0,0,Rainy,18.4,None,2300,Wet Season,22,457.7,463.5
2024-03-01,Event Area,4,Weekday,0,0,Rainy,18.4,None,1743,Wet Season,23,627.3,595.2
2024-03-01,Legian-side Beach Zone,4,Weekday,0,0,Rainy,18.4,None,2471,Wet Season,27,640.3,546.7
2024-03-02,Beachwalk Area,5,Weekend,1,0,Cloudy,0.2,None,2600,Wet Season,12,1132.7,1039.5
2024-03-02,Main Beach Gate,5,Weekend,1,0,Cloudy,0.2,None,1456,Wet Season,28,538.1,539.0
2024-03-02,Food Vendor Area,5,Weekend,1,0,Cloudy,0.2,None,1631,Wet Season,14,1274.2,1051.0
2024-03-02,Parking Area,5,Weekend,1,0,Cloudy,0.2,None,1636,Wet Season,13,465.2,462.9
2024-03-02,Hotel Front Area,5,Weekend,1,0,Cloudy,0.2,Sports Event,2874,Wet Season,20,463.5,889.6
2024-03-02,Event Area,5,Weekend,1,0,Cloudy,0.2,Music Concert,5830,Wet Season,18,595.2,1981.5
2024-03-02,Legian-side Beach Zone,5,Weekend,1,0,Cloudy,0.2,None,3235,Wet Season,11,546.7,690.4
2024-03-03,Beachwalk Area,6,Public Holiday,1,1,Cloudy,1.6,None,5838,Wet Season,12,1039.5,1234.7
2024-03-03,Main Beach Gate,6,Public Holiday,1,1,Cloudy,1.6,None,2652,Wet Season,17,539.0,839.7
2024-03-03,Food Vendor Area,6,Public Holiday,1,1,Cloudy,1.6,None,3862,Wet Season,17,1051.0,1213.9
2024-03-03,Parking Area,6,Public Holiday,1,1,Cloudy,1.6,None,3568,Wet Season,27,462.9,724.1
2024-03-03,Hotel Front Area,6,Public Holiday,1,1,Cloudy,1.6,None,4870,Wet Season,9,889.6,864.0
2024-03-03,Event Area,6,Public Holiday,1,1,Cloudy,1.6,Sports Event,6751,Wet Season,29,1981.5,2166.8
2024-03-03,Legian-side Beach Zone,6,Public Holiday,1,1,Cloudy,1.6,None,3181,Wet Season,21,690.4,868.8
2024-03-04,Beachwalk Area,0,Weekday,0,0,Rainy,11.4,None,2381,Wet Season,20,1234.7,844.4
2024-03-04,Main Beach Gate,0,Weekday,0,0,Rainy,11.4,Cultural Ceremony,2882,Wet Season,11,839.7,924.9
2024-03-04,Food Vendor Area,0,Weekday,0,0,Rainy,11.4,None,927,Wet Season,20,1213.9,912.9
2024-03-04,Parking Area,0,Weekday,0,0,Rainy,11.4,None,1788,Wet Season,13,724.1,474.5
2024-03-04,Hotel Front Area,0,Weekday,0,0,Rainy,11.4,Cultural Ceremony,3511,Wet Season,26,864.0,932.5
2024-03-04,Event Area,0,Weekday,0,0,Rainy,11.4,Beach Festival,4002,Wet Season,25,2166.8,1666.7
2024-03-04,Legian-side Beach Zone,0,Weekday,0,0,Rainy,11.4,None,1256,Wet Season,26,868.8,534.1
2024-03-05,Beachwalk Area,1,Weekday,0,0,Sunny,0.0,None,3243,Wet Season,26,844.4,652.0
2024-03-05,Main Beach Gate,1,Weekday,0,0,Sunny,0.0,None,1408,Wet Season,11,924.9,694.0
2024-03-05,Food Vendor Area,1,Weekday,0,0,Sunny,0.0,None,900,Wet Season,14,912.9,641.3
2024-03-05,Parking Area,1,Weekday,0,0,Sunny,0.0,None,1219,Wet Season,13,474.5,421.1
2024-03-05,Hotel Front Area,1,Weekday,0,0,Sunny,0.0,None,2451,Wet Season,10,932.5,620.8
2024-03-05,Event Area,1,Weekday,0,0,Sunny,0.0,None,3288,Wet Season,14,1666.7,1104.9
2024-03-05,Legian-side Beach Zone,1,Weekday,0,0,Sunny,0.0,None,1309,Wet Season,9,534.1,430.0
2024-03-06,Beachwalk Area,2,Weekday,0,0,Rainy,20.8,None,3211,Wet Season,14,652.0,803.2
2024-03-06,Main Beach Gate,2,Weekday,0,0,Rainy,20.8,None,1041,Wet Season,20,694.0,689.2
2024-03-06,Food Vendor Area,2,Weekday,0,0,Rainy,20.8,None,972,Wet Season,11,641.3,654.6
2024-03-06,Parking Area,2,Weekday,0,0,Rainy,20.8,None,1194,Wet Season,28,421.1,466.9
2024-03-06,Hotel Front Area,2,Weekday,0,0,Rainy,20.8,None,1309,Wet Season,11,620.8,633.8
2024-03-06,Event Area,2,Weekday,0,0,Rainy,20.8,Cultural Ceremony,4991,Wet Season,27,1104.9,1433.1
2024-03-06,Legian-side Beach Zone,2,Weekday,0,0,Rainy,20.8,None,1353,Wet Season,20,430.0,412.2
2024-03-07,Beachwalk Area,3,Weekday,0,0,Sunny,0.0,None,1713,Wet Season,8,803.2,785.7
2024-03-07,Main Beach Gate,3,Weekday,0,0,Sunny,0.0,Beach Festival,4454,Wet Season,15,689.2,1100.6
2024-03-07,Food Vendor Area,3,Weekday,0,0,Sunny,0.0,None,1601,Wet Season,15,654.6,670.2
2024-03-07,Parking Area,3,Weekday,0,0,Sunny,0.0,None,878,Wet Season,24,466.9,343.3
2024-03-07,Hotel Front Area,3,Weekday,0,0,Sunny,0.0,None,1266,Wet Season,12,633.8,565.7
2024-03-07,Event Area,3,Weekday,0,0,Sunny,0.0,None,1260,Wet Season,15,1433.1,749.8
2024-03-07,Legian-side Beach Zone,3,Weekday,0,0,Sunny,0.0,None,842,Wet Season,8,412.2,379.3
2024-03-08,Beachwalk Area,4,Weekday,0,0,Sunny,0.0,Market Day,2964,Wet Season,21,785.7,1074.2
2024-03-08,Main Beach Gate,4,Weekday,0,0,Sunny,0.0,None,2034,Wet Season,14,1100.6,797.9
2024-03-08,Food Vendor Area,4,Weekday,0,0,Sunny,0.0,None,1241,Wet Season,12,670.2,644.9
2024-03-08,Parking Area,4,Weekday,0,0,Sunny,0.0,None,1319,Wet Season,17,343.3,314.5
2024-03-08,Hotel Front Area,4,Weekday,0,0,Sunny,0.0,None,2043,Wet Season,24,565.7,463.7
2024-03-08,Event Area,4,Weekday,0,0,Sunny,0.0,None,2408,Wet Season,16,749.8,665.2
2024-03-08,Legian-side Beach Zone,4,Weekday,0,0,Sunny,0.0,None,2384,Wet Season,11,379.3,478.6
2024-03-09,Beachwalk Area,5,Weekend,1,0,Rainy,17.9,None,1799,Wet Season,25,1074.2,904.3
2024-03-09,Main Beach Gate,5,Weekend,1,0,Rainy,17.9,Music Concert,4848,Wet Season,20,797.9,1742.1
2024-03-09,Food Vendor Area,5,Weekend,1,0,Rainy,17.9,None,2744,Wet Season,9,644.9,767.9
2024-03-09,Parking Area,5,Weekend,1,0,Rainy,17.9,None,2255,Wet Season,25,314.5,454.7
2024-03-09,Hotel Front Area,5,Weekend,1,0,Rainy,17.9,None,2138,Wet Season,25,463.7,684.1
2024-03-09,Event Area,5,Weekend,1,0,Rainy,17.9,Market Day,6161,Wet Season,21,665.2,1127.0
2024-03-09,Legian-side Beach Zone,5,Weekend,1,0,Rainy,17.9,None,1197,Wet Season,14,478.6,670.9
2024-03-10,Beachwalk Area,6,Weekend,1,0,Stormy,30.1,None,2655,Wet Season,15,904.3,1047.4
2024-03-10,Main Beach Gate,6,Weekend,1,0,Stormy,30.1,None,1900,Wet Season,19,1742.1,944.2
2024-03-10,Food Vendor Area,6,Weekend,1,0,Stormy,30.1,None,1899,Wet Season,18,767.9,809.3
2024-03-10,Parking Area,6,Weekend,1,0,Stormy,30.1,None,2975,Wet Season,9,454.7,559.5
2024-03-10,Hotel Front Area,6,Weekend,1,0,Stormy,30.1,None,1406,Wet Season,25,684.1,630.8
2024-03-10,Event Area,6,Weekend,1,0,Stormy,30.1,None,1613,Wet Season,19,1127.0,1115.3
2024-03-10,Legian-side Beach Zone,6,Weekend,1,0,Stormy,30.1,None,2828,Wet Season,10,670.9,697.7
2024-03-11,Beachwalk Area,0,Weekday,0,0,Rainy,18.8,None,3066,Wet Season,12,1047.4,799.8
2024-03-11,Main Beach Gate,0,Weekday,0,0,Rainy,18.8,None,2479,Wet Season,15,944.2,655.9
2024-03-11,Food Vendor Area,0,Weekday,0,0,Rainy,18.8,None,1248,Wet Season,11,809.3,649.2
2024-03-11,Parking Area,0,Weekday,0,0,Rainy,18.8,None,1673,Wet Season,9,559.5,461.0
2024-03-11,Hotel Front Area,0,Weekday,0,0,Rainy,18.8,None,1101,Wet Season,14,630.8,588.9
2024-03-11,Event Area,0,Weekday,0,0,Rainy,18.8,None,1275,Wet Season,20,1115.3,845.7
2024-03-11,Legian-side Beach Zone,0,Weekday,0,0,Rainy,18.8,None,1033,Wet Season,29,697.7,589.9
2024-03-12,Beachwalk Area,1,Weekday,0,0,Sunny,0.0,None,3164,Wet Season,27,799.8,669.9
2024-03-12,Main Beach Gate,1,Weekday,0,0,Sunny,0.0,None,1814,Wet Season,13,655.9,663.9
2024-03-12,Food Vendor Area,1,Weekday,0,0,Sunny,0.0,None,931,Wet Season,22,649.2,573.8
2024-03-12,Parking Area,1,Weekday,0,0,Sunny,0.0,None,1335,Wet Season,29,461.0,414.2
2024-03-12,Hotel Front Area,1,Weekday,0,0,Sunny,0.0,None,2292,Wet Season,29,588.9,536.2
2024-03-12,Event Area,1,Weekday,0,0,Sunny,0.0,Sports Event,3168,Wet Season,27,845.7,1113.2
2024-03-12,Legian-side Beach Zone,1,Weekday,0,0,Sunny,0.0,None,2044,Wet Season,21,589.9,519.3
2024-03-13,Beachwalk Area,2,Weekday,0,0,Sunny,0.0,None,1818,Wet Season,11,669.9,590.2
2024-03-13,Main Beach Gate,2,Weekday,0,0,Sunny,0.0,None,2493,Wet Season,25,663.9,595.2
2024-03-13,Food Vendor Area,2,Weekday,0,0,Sunny,0.0,Music Concert,3378,Wet Season,29,573.8,1350.4
2024-03-13,Parking Area,2,Weekday,0,0,Sunny,0.0,None,2137,Wet Season,13,414.2,397.0
2024-03-13,Hotel Front Area,2,Weekday,0,0,Sunny,0.0,None,818,Wet Season,23,536.2,440.8
2024-03-13,Event Area,2,Weekday,0,0,Sunny,0.0,Beach Festival,4874,Wet Season,27,1113.2,1277.5
2024-03-13,Legian-side Beach Zone,2,Weekday,0,0,Sunny,0.0,None,2126,Wet Season,18,519.3,500.0
2024-03-14,Beachwalk Area,3,Weekday,0,0,Cloudy,0.3,None,2042,Wet Season,23,590.2,559.2
2024-03-14,Main Beach Gate,3,Weekday,0,0,Cloudy,0.3,None,2382,Wet Season,21,595.2,595.6
2024-03-14,Food Vendor Area,3,Weekday,0,0,Cloudy,0.3,None,1401,Wet Season,23,1350.4,731.9
2024-03-14,Parking Area,3,Weekday,0,0,Cloudy,0.3,None,937,Wet Season,25,397.0,337.3
2024-03-14,Hotel Front Area,3,Weekday,0,0,Cloudy,0.3,None,1053,Wet Season,29,440.8,405.2
2024-03-14,Event Area,3,Weekday,0,0,Cloudy,0.3,None,1906,Wet Season,28,1277.5,725.4
2024-03-14,Legian-side Beach Zone,3,Weekday,0,0,Cloudy,0.3,None,1721,Wet Season,26,500.0,435.8
2024-03-15,Beachwalk Area,4,Weekday,0,0,Rainy,14.6,None,2104,Wet Season,12,559.2,765.4
2024-03-15,Main Beach Gate,4,Weekday,0,0,Rainy,14.6,None,1437,Wet Season,14,595.6,698.1
2024-03-15,Food Vendor Area,4,Weekday,0,0,Rainy,14.6,None,1591,Wet Season,11,731.9,780.6
2024-03-15,Parking Area,4,Weekday,0,0,Rainy,14.6,None,2187,Wet Season,27,337.3,439.7
2024-03-15,Hotel Front Area,4,Weekday,0,0,Rainy,14.6,None,1725,Wet Season,19,405.2,415.1
2024-03-15,Event Area,4,Weekday,0,0,Rainy,14.6,Music Concert,6541,Wet Season,17,725.4,1571.8
2024-03-15,Legian-side Beach Zone,4,Weekday,0,0,Rainy,14.6,None,2441,Wet Season,20,435.8,454.9
2024-03-16,Beachwalk Area,5,Weekend,1,0,Cloudy,1.7,Cultural Ceremony,3934,Wet Season,28,765.4,1257.2
2024-03-16,Main Beach Gate,5,Weekend,1,0,Cloudy,1.7,None,3044,Wet Season,13,698.1,835.2
2024-03-16,Food Vendor Area,5,Weekend,1,0,Cloudy,1.7,Music Concert,4170,Wet Season,23,780.6,1881.9
2024-03-16,Parking Area,5,Weekend,1,0,Cloudy,1.7,Sports Event,4680,Wet Season,12,439.7,1050.7
2024-03-16,Hotel Front Area,5,Weekend,1,0,Cloudy,1.7,None,2540,Wet Season,12,415.1,597.0
2024-03-16,Event Area,5,Weekend,1,0,Cloudy,1.7,None,3005,Wet Season,19,1571.8,1024.4
2024-03-16,Legian-side Beach Zone,5,Weekend,1,0,Cloudy,1.7,Cultural Ceremony,3202,Wet Season,17,454.9,724.3
2024-03-17,Beachwalk Area,6,Weekend,1,0,Rainy,15.9,None,2496,Wet Season,9,1257.2,1059.0
2024-03-17,Main Beach Gate,6,Weekend,1,0,Rainy,15.9,None,1588,Wet Season,29,835.2,780.3
2024-03-17,Food Vendor Area,6,Weekend,1,0,Rainy,15.9,None,3012,Wet Season,13,1881.9,1371.2
2024-03-17,Parking Area,6,Weekend,1,0,Rainy,15.9,None,3042,Wet Season,9,1050.7,814.0
2024-03-17,Hotel Front Area,6,Weekend,1,0,Rainy,15.9,None,2133,Wet Season,9,597.0,765.1
2024-03-17,Event Area,6,Weekend,1,0,Rainy,15.9,None,3473,Wet Season,19,1024.4,868.0
2024-03-17,Legian-side Beach Zone,6,Weekend,1,0,Rainy,15.9,None,1781,Wet Season,17,724.3,745.7
2024-03-18,Beachwalk Area,0,Weekday,0,0,Rainy,14.9,None,1506,Wet Season,27,1059.0,818.2
2024-03-18,Main Beach Gate,0,Weekday,0,0,Rainy,14.9,None,1683,Wet Season,29,780.3,550.1
2024-03-18,Food Vendor Area,0,Weekday,0,0,Rainy,14.9,None,878,Wet Season,29,1371.2,766.7
2024-03-18,Parking Area,0,Weekday,0,0,Rainy,14.9,None,2204,Wet Season,16,814.0,573.4
2024-03-18,Hotel Front Area,0,Weekday,0,0,Rainy,14.9,None,1680,Wet Season,9,765.1,542.3
2024-03-18,Event Area,0,Weekday,0,0,Rainy,14.9,None,2613,Wet Season,8,868.0,816.8
2024-03-18,Legian-side Beach Zone,0,Weekday,0,0,Rainy,14.9,None,1478,Wet Season,27,745.7,552.5
2024-03-19,Beachwalk Area,1,Weekday,0,0,Cloudy,0.2,None,2209,Wet Season,19,818.2,695.9
2024-03-19,Main Beach Gate,1,Weekday,0,0,Cloudy,0.2,None,1275,Wet Season,16,550.1,528.6
2024-03-19,Food Vendor Area,1,Weekday,0,0,Cloudy,0.2,None,1366,Wet Season,16,766.7,608.0
2024-03-19,Parking Area,1,Weekday,0,0,Cloudy,0.2,None,1927,Wet Season,25,573.4,403.6
2024-03-19,Hotel Front Area,1,Weekday,0,0,Cloudy,0.2,None,2091,Wet Season,9,542.3,492.0
2024-03-19,Event Area,1,Weekday,0,0,Cloudy,0.2,None,1481,Wet Season,25,816.8,620.8
2024-03-19,Legian-side Beach Zone,1,Weekday,0,0,Cloudy,0.2,None,1019,Wet Season,8,552.5,414.1
2024-03-20,Beachwalk Area,2,Weekday,0,0,Cloudy,1.5,None,1976,Wet Season,11,695.9,755.4
2024-03-20,Main Beach Gate,2,Weekday,0,0,Cloudy,1.5,None,1343,Wet Season,16,528.6,558.2
2024-03-20,Food Vendor Area,2,Weekday,0,0,Cloudy,1.5,None,1839,Wet Season,8,608.0,615.7
2024-03-20,Parking Area,2,Weekday,0,0,Cloudy,1.5,None,2356,Wet Season,20,403.6,386.6
2024-03-20,Hotel Front Area,2,Weekday,0,0,Cloudy,1.5,None,2329,Wet Season,12,492.0,520.5
2024-03-20,Event Area,2,Weekday,0,0,Cloudy,1.5,None,2420,Wet Season,12,620.8,796.8
2024-03-20,Legian-side Beach Zone,2,Weekday,0,0,Cloudy,1.5,None,1064,Wet Season,27,414.1,464.0
2024-03-21,Beachwalk Area,3,Weekday,0,0,Sunny,0.0,None,3080,Wet Season,18,755.4,774.7
2024-03-21,Main Beach Gate,3,Weekday,0,0,Sunny,0.0,None,1256,Wet Season,28,558.2,480.3
2024-03-21,Food Vendor Area,3,Weekday,0,0,Sunny,0.0,None,1387,Wet Season,23,615.7,619.9
2024-03-21,Parking Area,3,Weekday,0,0,Sunny,0.0,None,989,Wet Season,8,386.6,367.6
2024-03-21,Hotel Front Area,3,Weekday,0,0,Sunny,0.0,None,840,Wet Season,26,520.5,447.2
2024-03-21,Event Area,3,Weekday,0,0,Sunny,0.0,None,2452,Wet Season,23,796.8,721.0
2024-03-21,Legian-side Beach Zone,3,Weekday,0,0,Sunny,0.0,None,1419,Wet Season,18,464.0,480.0
2024-03-22,Beachwalk Area,4,Weekday,0,0,Cloudy,0.1,None,2644,Wet Season,10,774.7,774.1
2024-03-22,Main Beach Gate,4,Weekday,0,0,Cloudy,0.1,Beach Festival,4288,Wet Season,15,480.3,912.9
2024-03-22,Food Vendor Area,4,Weekday,0,0,Cloudy,0.1,Music Concert,3111,Wet Season,22,619.9,1208.6
2024-03-22,Parking Area,4,Weekday,0,0,Cloudy,0.1,None,1026,Wet Season,28,367.6,358.0
2024-03-22,Hotel Front Area,4,Weekday,0,0,Cloudy,0.1,None,1259,Wet Season,24,447.2,476.4
2024-03-22,Event Area,4,Weekday,0,0,Cloudy,0.1,None,2301,Wet Season,22,721.0,629.8
2024-03-22,Legian-side Beach Zone,4,Weekday,0,0,Cloudy,0.1,None,2074,Wet Season,9,480.0,477.7
2024-03-23,Beachwalk Area,5,Weekend,1,0,Rainy,22.3,None,4313,Wet Season,26,774.1,1052.4
2024-03-23,Main Beach Gate,5,Weekend,1,0,Rainy,22.3,Sports Event,2697,Wet Season,21,912.9,1463.4
2024-03-23,Food Vendor Area,5,Weekend,1,0,Rainy,22.3,None,1146,Wet Season,21,1208.6,1052.8
2024-03-23,Parking Area,5,Weekend,1,0,Rainy,22.3,None,1407,Wet Season,27,358.0,560.9
2024-03-23,Hotel Front Area,5,Weekend,1,0,Rainy,22.3,None,2464,Wet Season,26,476.4,683.6
2024-03-23,Event Area,5,Weekend,1,0,Rainy,22.3,Market Day,4285,Wet Season,16,629.8,1082.5
2024-03-23,Legian-side Beach Zone,5,Weekend,1,0,Rainy,22.3,None,1154,Wet Season,21,477.7,581.0
2024-03-24,Beachwalk Area,6,Weekend,1,0,Cloudy,0.6,None,1576,Wet Season,15,1052.4,964.5
2024-03-24,Main Beach Gate,6,Weekend,1,0,Cloudy,0.6,None,3147,Wet Season,16,1463.4,1065.1
2024-03-24,Food Vendor Area,6,Weekend,1,0,Cloudy,0.6,None,2390,Wet Season,24,1052.8,791.8
2024-03-24,Parking Area,6,Weekend,1,0,Cloudy,0.6,None,2051,Wet Season,21,560.9,574.7
2024-03-24,Hotel Front Area,6,Weekend,1,0,Cloudy,0.6,None,2792,Wet Season,23,683.6,692.3
2024-03-24,Event Area,6,Weekend,1,0,Cloudy,0.6,None,3296,Wet Season,16,1082.5,1047.1
2024-03-24,Legian-side Beach Zone,6,Weekend,1,0,Cloudy,0.6,None,2308,Wet Season,9,581.0,677.9
2024-03-25,Beachwalk Area,0,Weekday,0,0,Rainy,15.3,None,1583,Wet Season,29,964.5,765.4
2024-03-25,Main Beach Gate,0,Weekday,0,0,Rainy,15.3,None,1458,Wet Season,27,1065.1,711.3
2024-03-25,Food Vendor Area,0,Weekday,0,0,Rainy,15.3,None,2373,Wet Season,27,791.8,774.2
2024-03-25,Parking Area,0,Weekday,0,0,Rainy,15.3,None,2278,Wet Season,11,574.7,507.0
2024-03-25,Hotel Front Area,0,Weekday,0,0,Rainy,15.3,None,1653,Wet Season,19,692.3,641.7
2024-03-25,Event Area,0,Weekday,0,0,Rainy,15.3,None,2450,Wet Season,16,1047.1,843.1
2024-03-25,Legian-side Beach Zone,0,Weekday,0,0,Rainy,15.3,None,2085,Wet Season,29,677.9,512.8
2024-03-26,Beachwalk Area,1,Weekday,0,0,Cloudy,0.9,Music Concert,6074,Wet Season,20,765.4,1466.9
2024-03-26,Main Beach Gate,1,Weekday,0,0,Cloudy,0.9,None,2114,Wet Season,23,711.3,545.0
2024-03-26,Food Vendor Area,1,Weekday,0,0,Cloudy,0.9,None,1452,Wet Season,13,774.2,743.1
2024-03-26,Parking Area,1,Weekday,0,0,Cloudy,0.9,Music Concert,1934,Wet Season,14,507.0,1007.2
2024-03-26,Hotel Front Area,1,Weekday,0,0,Cloudy,0.9,None,1117,Wet Season,17,641.7,465.7
2024-03-26,Event Area,1,Weekday,0,0,Cloudy,0.9,None,3033,Wet Season,12,843.1,728.9
2024-03-26,Legian-side Beach Zone,1,Weekday,0,0,Cloudy,0.9,None,1618,Wet Season,14,512.8,495.0
2024-03-27,Beachwalk Area,2,Weekday,0,0,Sunny,0.0,None,3243,Wet Season,26,1466.9,895.0
2024-03-27,Main Beach Gate,2,Weekday,0,0,Sunny,0.0,None,2380,Wet Season,8,545.0,557.9
2024-03-27,Food Vendor Area,2,Weekday,0,0,Sunny,0.0,None,1383,Wet Season,15,743.1,652.8
2024-03-27,Parking Area,2,Weekday,0,0,Sunny,0.0,None,1244,Wet Season,23,1007.2,530.3
2024-03-27,Hotel Front Area,2,Weekday,0,0,Sunny,0.0,None,1787,Wet Season,12,465.7,417.0
2024-03-27,Event Area,2,Weekday,0,0,Sunny,0.0,None,3032,Wet Season,20,728.9,766.1
2024-03-27,Legian-side Beach Zone,2,Weekday,0,0,Sunny,0.0,Sports Event,2896,Wet Season,11,495.0,773.0
2024-03-28,Beachwalk Area,3,Public Holiday,0,1,Rainy,12.4,Sports Event,8201,Wet Season,8,895.0,1868.2
2024-03-28,Main Beach Gate,3,Public Holiday,0,1,Rainy,12.4,None,1260,Wet Season,14,557.9,770.4
2024-03-28,Food Vendor Area,3,Public Holiday,0,1,Rainy,12.4,None,1501,Wet Season,9,652.8,1011.8
2024-03-28,Parking Area,3,Public Holiday,0,1,Rainy,12.4,None,2563,Wet Season,25,530.3,542.0
2024-03-28,Hotel Front Area,3,Public Holiday,0,1,Rainy,12.4,Sports Event,5237,Wet Season,28,417.0,1313.5
2024-03-28,Event Area,3,Public Holiday,0,1,Rainy,12.4,Cultural Ceremony,8772,Wet Season,19,766.1,1556.7
2024-03-28,Legian-side Beach Zone,3,Public Holiday,0,1,Rainy,12.4,None,2677,Wet Season,12,773.0,693.7
2024-03-29,Beachwalk Area,4,Public Holiday,0,1,Rainy,11.9,None,4888,Wet Season,13,1868.2,1552.9
2024-03-29,Main Beach Gate,4,Public Holiday,0,1,Rainy,11.9,None,3721,Wet Season,11,770.4,962.0
2024-03-29,Food Vendor Area,4,Public Holiday,0,1,Rainy,11.9,None,3685,Wet Season,19,1011.8,1086.9
2024-03-29,Parking Area,4,Public Holiday,0,1,Rainy,11.9,None,2968,Wet Season,19,542.0,697.8
2024-03-29,Hotel Front Area,4,Public Holiday,0,1,Rainy,11.9,None,1738,Wet Season,18,1313.5,920.3
2024-03-29,Event Area,4,Public Holiday,0,1,Rainy,11.9,Beach Festival,8987,Wet Season,8,1556.7,2592.4
2024-03-29,Legian-side Beach Zone,4,Public Holiday,0,1,Rainy,11.9,None,3736,Wet Season,12,693.7,818.4
2024-03-30,Beachwalk Area,5,Weekend,1,0,Sunny,0.0,None,2471,Wet Season,27,1552.9,986.5
2024-03-30,Main Beach Gate,5,Weekend,1,0,Sunny,0.0,None,2226,Wet Season,10,962.0,766.6
2024-03-30,Food Vendor Area,5,Weekend,1,0,Sunny,0.0,Music Concert,3362,Wet Season,12,1086.9,1896.6
2024-03-30,Parking Area,5,Weekend,1,0,Sunny,0.0,None,2941,Wet Season,19,697.8,590.3
2024-03-30,Hotel Front Area,5,Weekend,1,0,Sunny,0.0,Beach Festival,5825,Wet Season,10,920.3,1613.0
2024-03-30,Event Area,5,Weekend,1,0,Sunny,0.0,Music Concert,6276,Wet Season,17,2592.4,2338.6
2024-03-30,Legian-side Beach Zone,5,Weekend,1,0,Sunny,0.0,None,1201,Wet Season,22,818.4,613.7
2024-03-31,Beachwalk Area,6,Weekend,1,0,Sunny,0.0,None,4316,Wet Season,17,986.5,873.0
2024-03-31,Main Beach Gate,6,Weekend,1,0,Sunny,0.0,None,1878,Wet Season,11,766.6,847.6
2024-03-31,Food Vendor Area,6,Weekend,1,0,Sunny,0.0,None,2074,Wet Season,20,1896.6,1127.5
2024-03-31,Parking Area,6,Weekend,1,0,Sunny,0.0,Beach Festival,2915,Wet Season,29,590.3,1018.3
2024-03-31,Hotel Front Area,6,Weekend,1,0,Sunny,0.0,Beach Festival,3193,Wet Season,28,1613.0,1608.4
2024-03-31,Event Area,6,Weekend,1,0,Sunny,0.0,None,4325,Wet Season,9,2338.6,1294.3
2024-03-31,Legian-side Beach Zone,6,Weekend,1,0,Sunny,0.0,None,3016,Wet Season,28,613.7,566.5
2024-04-01,Beachwalk Area,0,Weekday,0,0,Sunny,0.0,None,1621,Dry Season,11,873.0,682.4
2024-04-01,Main Beach Gate,0,Weekday,0,0,Sunny,0.0,None,2103,Dry Season,10,847.6,574.4
2024-04-01,Food Vendor Area,0,Weekday,0,0,Sunny,0.0,None,1795,Dry Season,26,1127.5,787.4
2024-04-01,Parking Area,0,Weekday,0,0,Sunny,0.0,None,903,Dry Season,29,1018.3,559.9
2024-04-01,Hotel Front Area,0,Weekday,0,0,Sunny,0.0,None,964,Dry Season,14,1608.4,772.3
2024-04-01,Event Area,0,Weekday,0,0,Sunny,0.0,Beach Festival,4037,Dry Season,26,1294.3,1292.8
2024-04-01,Legian-side Beach Zone,0,Weekday,0,0,Sunny,0.0,None,1066,Dry Season,29,566.5,448.8
2024-04-02,Beachwalk Area,1,Weekday,0,0,Rainy,7.6,None,1785,Dry Season,12,682.4,788.0
2024-04-02,Main Beach Gate,1,Weekday,0,0,Rainy,7.6,None,1357,Dry Season,19,574.4,633.2
2024-04-02,Food Vendor Area,1,Weekday,0,0,Rainy,7.6,None,1465,Dry Season,23,787.4,587.9
2024-04-02,Parking Area,1,Weekday,0,0,Rainy,7.6,None,1381,Dry Season,11,559.9,452.2
2024-04-02,Hotel Front Area,1,Weekday,0,0,Rainy,7.6,None,2039,Dry Season,22,772.3,598.8
2024-04-02,Event Area,1,Weekday,0,0,Rainy,7.6,None,1817,Dry Season,25,1292.8,936.2
2024-04-02,Legian-side Beach Zone,1,Weekday,0,0,Rainy,7.6,None,881,Dry Season,26,448.8,456.5
2024-04-03,Beachwalk Area,2,Weekday,0,0,Cloudy,1.6,None,1833,Dry Season,16,788.0,566.6
2024-04-03,Main Beach Gate,2,Weekday,0,0,Cloudy,1.6,Beach Festival,3021,Dry Season,15,633.2,889.1
2024-04-03,Food Vendor Area,2,Weekday,0,0,Cloudy,1.6,None,1242,Dry Season,12,587.9,591.9
2024-04-03,Parking Area,2,Weekday,0,0,Cloudy,1.6,None,1086,Dry Season,23,452.2,412.6
2024-04-03,Hotel Front Area,2,Weekday,0,0,Cloudy,1.6,None,1482,Dry Season,10,598.8,535.7
2024-04-03,Event Area,2,Weekday,0,0,Cloudy,1.6,Market Day,6537,Dry Season,10,936.2,1024.4
2024-04-03,Legian-side Beach Zone,2,Weekday,0,0,Cloudy,1.6,None,2126,Dry Season,10,456.5,532.4
2024-04-04,Beachwalk Area,3,Weekday,0,0,Cloudy,1.7,None,2024,Dry Season,10,566.6,677.7
2024-04-04,Main Beach Gate,3,Weekday,0,0,Cloudy,1.7,None,800,Dry Season,22,889.1,528.2
2024-04-04,Food Vendor Area,3,Weekday,0,0,Cloudy,1.7,None,987,Dry Season,16,591.9,592.1
2024-04-04,Parking Area,3,Weekday,0,0,Cloudy,1.7,None,993,Dry Season,15,412.6,357.5
2024-04-04,Hotel Front Area,3,Weekday,0,0,Cloudy,1.7,None,2207,Dry Season,11,535.7,490.2
2024-04-04,Event Area,3,Weekday,0,0,Cloudy,1.7,Music Concert,5427,Dry Season,20,1024.4,1722.9
2024-04-04,Legian-side Beach Zone,3,Weekday,0,0,Cloudy,1.7,Market Day,1783,Dry Season,23,532.4,633.1
2024-04-05,Beachwalk Area,4,Weekday,0,0,Sunny,0.0,None,3084,Dry Season,23,677.7,641.9
2024-04-05,Main Beach Gate,4,Weekday,0,0,Sunny,0.0,None,2297,Dry Season,20,528.2,540.5
2024-04-05,Food Vendor Area,4,Weekday,0,0,Sunny,0.0,None,2113,Dry Season,14,592.1,593.3
2024-04-05,Parking Area,4,Weekday,0,0,Sunny,0.0,None,1431,Dry Season,29,357.5,342.0
2024-04-05,Hotel Front Area,4,Weekday,0,0,Sunny,0.0,None,1120,Dry Season,24,490.2,455.0
2024-04-05,Event Area,4,Weekday,0,0,Sunny,0.0,None,3298,Dry Season,26,1722.9,936.4
2024-04-05,Legian-side Beach Zone,4,Weekday,0,0,Sunny,0.0,None,1525,Dry Season,24,633.1,505.2
2024-04-06,Beachwalk Area,5,Weekend,1,0,Rainy,14.1,None,4347,Dry Season,27,641.9,883.9
2024-04-06,Main Beach Gate,5,Weekend,1,0,Rainy,14.1,None,2601,Dry Season,21,540.5,742.8
2024-04-06,Food Vendor Area,5,Weekend,1,0,Rainy,14.1,None,2398,Dry Season,11,593.3,722.3
2024-04-06,Parking Area,5,Weekend,1,0,Rainy,14.1,None,2975,Dry Season,19,342.0,499.5
2024-04-06,Hotel Front Area,5,Weekend,1,0,Rainy,14.1,None,2143,Dry Season,9,455.0,664.9
2024-04-06,Event Area,5,Weekend,1,0,Rainy,14.1,Beach Festival,7039,Dry Season,24,936.4,1900.2
2024-04-06,Legian-side Beach Zone,5,Weekend,1,0,Rainy,14.1,Beach Festival,5864,Dry Season,15,505.2,1035.5
2024-04-07,Beachwalk Area,6,Weekend,1,0,Sunny,0.0,None,3603,Dry Season,18,883.9,913.8
2024-04-07,Main Beach Gate,6,Weekend,1,0,Sunny,0.0,Beach Festival,5886,Dry Season,11,742.8,1638.2
2024-04-07,Food Vendor Area,6,Weekend,1,0,Sunny,0.0,None,2477,Dry Season,24,722.3,697.1
2024-04-07,Parking Area,6,Weekend,1,0,Sunny,0.0,None,1937,Dry Season,12,499.5,455.6
2024-04-07,Hotel Front Area,6,Weekend,1,0,Sunny,0.0,Market Day,5458,Dry Season,17,664.9,773.5
2024-04-07,Event Area,6,Weekend,1,0,Sunny,0.0,Music Concert,5622,Dry Season,19,1900.2,1880.0
2024-04-07,Legian-side Beach Zone,6,Weekend,1,0,Sunny,0.0,None,2069,Dry Season,16,1035.5,601.0
2024-04-08,Beachwalk Area,0,Weekday,0,0,Rainy,17.9,Market Day,7996,Dry Season,16,913.8,1129.4
2024-04-08,Main Beach Gate,0,Weekday,0,0,Rainy,17.9,None,1026,Dry Season,19,1638.2,737.9
2024-04-08,Food Vendor Area,0,Weekday,0,0,Rainy,17.9,None,1836,Dry Season,25,697.1,660.3
2024-04-08,Parking Area,0,Weekday,0,0,Rainy,17.9,None,1697,Dry Season,23,455.6,413.3
2024-04-08,Hotel Front Area,0,Weekday,0,0,Rainy,17.9,None,1751,Dry Season,29,773.5,525.7
2024-04-08,Event Area,0,Weekday,0,0,Rainy,17.9,None,2794,Dry Season,20,1880.0,1007.6
2024-04-08,Legian-side Beach Zone,0,Weekday,0,0,Rainy,17.9,None,2086,Dry Season,11,601.0,586.4
2024-04-09,Beachwalk Area,1,Weekday,0,0,Sunny,0.0,None,2760,Dry Season,15,1129.4,767.4
2024-04-09,Main Beach Gate,1,Weekday,0,0,Sunny,0.0,None,2356,Dry Season,18,737.9,555.9
2024-04-09,Food Vendor Area,1,Weekday,0,0,Sunny,0.0,Cultural Ceremony,2410,Dry Season,28,660.3,928.3
2024-04-09,Parking Area,1,Weekday,0,0,Sunny,0.0,None,1925,Dry Season,9,413.3,355.0
2024-04-09,Hotel Front Area,1,Weekday,0,0,Sunny,0.0,None,1961,Dry Season,10,525.7,494.5
2024-04-09,Event Area,1,Weekday,0,0,Sunny,0.0,None,1142,Dry Season,19,1007.6,738.8
2024-04-09,Legian-side Beach Zone,1,Weekday,0,0,Sunny,0.0,Music Concert,2975,Dry Season,13,586.4,1101.1
2024-04-10,Beachwalk Area,2,Public Holiday,0,1,Cloudy,0.5,Sports Event,7406,Dry Season,29,767.4,1267.2
2024-04-10,Main Beach Gate,2,Public Holiday,0,1,Cloudy,0.5,None,2316,Dry Season,9,555.9,643.6
2024-04-10,Food Vendor Area,2,Public Holiday,0,1,Cloudy,0.5,None,3486,Dry Season,8,928.3,983.0
2024-04-10,Parking Area,2,Public Holiday,0,1,Cloudy,0.5,Beach Festival,7642,Dry Season,23,355.0,1014.2
2024-04-10,Hotel Front Area,2,Public Holiday,0,1,Cloudy,0.5,None,3705,Dry Season,11,494.5,726.7
2024-04-10,Event Area,2,Public Holiday,0,1,Cloudy,0.5,Music Concert,7550,Dry Season,15,738.8,1798.5
2024-04-10,Legian-side Beach Zone,2,Public Holiday,0,1,Cloudy,0.5,Music Concert,4709,Dry Season,9,1101.1,1557.1
2024-04-11,Beachwalk Area,3,Public Holiday,0,1,Cloudy,0.9,Cultural Ceremony,9880,Dry Season,12,1267.2,1709.2
2024-04-11,Main Beach Gate,3,Public Holiday,0,1,Cloudy,0.9,None,3231,Dry Season,22,643.6,720.5
2024-04-11,Food Vendor Area,3,Public Holiday,0,1,Cloudy,0.9,None,3528,Dry Season,19,983.0,908.0
2024-04-11,Parking Area,3,Public Holiday,0,1,Cloudy,0.9,None,2772,Dry Season,17,1014.2,649.2
2024-04-11,Hotel Front Area,3,Public Holiday,0,1,Cloudy,0.9,None,1890,Dry Season,28,726.7,648.7
2024-04-11,Event Area,3,Public Holiday,0,1,Cloudy,0.9,None,3489,Dry Season,18,1798.5,1096.1
2024-04-11,Legian-side Beach Zone,3,Public Holiday,0,1,Cloudy,0.9,None,2044,Dry Season,13,1557.1,858.7
2024-04-12,Beachwalk Area,4,Weekday,0,0,Cloudy,1.8,None,2891,Dry Season,24,1709.2,1074.4
2024-04-12,Main Beach Gate,4,Weekday,0,0,Cloudy,1.8,None,1160,Dry Season,18,720.5,473.6
2024-04-12,Food Vendor Area,4,Weekday,0,0,Cloudy,1.8,None,1221,Dry Season,9,908.0,632.5
2024-04-12,Parking Area,4,Weekday,0,0,Cloudy,1.8,None,1076,Dry Season,21,649.2,385.2
2024-04-12,Hotel Front Area,4,Weekday,0,0,Cloudy,1.8,None,1397,Dry Season,25,648.7,496.8
2024-04-12,Event Area,4,Weekday,0,0,Cloudy,1.8,Music Concert,5919,Dry Season,15,1096.1,1415.4
2024-04-12,Legian-side Beach Zone,4,Weekday,0,0,Cloudy,1.8,Beach Festival,2591,Dry Season,18,858.7,911.5
2024-04-13,Beachwalk Area,5,Weekend,1,0,Cloudy,0.2,None,3776,Dry Season,23,1074.4,868.0
2024-04-13,Main Beach Gate,5,Weekend,1,0,Cloudy,0.2,None,1618,Dry Season,19,473.6,534.9
2024-04-13,Food Vendor Area,5,Weekend,1,0,Cloudy,0.2,None,2394,Dry Season,13,632.5,772.9
2024-04-13,Parking Area,5,Weekend,1,0,Cloudy,0.2,None,2707,Dry Season,19,385.2,504.3
2024-04-13,Hotel Front Area,5,Weekend,1,0,Cloudy,0.2,None,2830,Dry Season,24,496.8,630.8
2024-04-13,Event Area,5,Weekend,1,0,Cloudy,0.2,None,2272,Dry Season,9,1415.4,1117.8
2024-04-13,Legian-side Beach Zone,5,Weekend,1,0,Cloudy,0.2,Sports Event,2913,Dry Season,18,911.5,1039.3
2024-04-14,Beachwalk Area,6,Weekend,1,0,Sunny,0.0,None,1622,Dry Season,29,868.0,810.2
2024-04-14,Main Beach Gate,6,Weekend,1,0,Sunny,0.0,None,3082,Dry Season,12,534.9,647.3
2024-04-14,Food Vendor Area,6,Weekend,1,0,Sunny,0.0,None,2701,Dry Season,18,772.9,642.3
2024-04-14,Parking Area,6,Weekend,1,0,Sunny,0.0,None,2172,Dry Season,9,504.3,524.1
2024-04-14,Hotel Front Area,6,Weekend,1,0,Sunny,0.0,None,2065,Dry Season,12,630.8,570.2
2024-04-14,Event Area,6,Weekend,1,0,Sunny,0.0,None,4505,Dry Season,20,1117.8,832.0
2024-04-14,Legian-side Beach Zone,6,Weekend,1,0,Sunny,0.0,None,2691,Dry Season,9,1039.3,843.0
2024-04-15,Beachwalk Area,0,Weekday,0,0,Sunny,0.0,None,2490,Dry Season,27,810.2,724.7
2024-04-15,Main Beach Gate,0,Weekday,0,0,Sunny,0.0,None,2448,Dry Season,14,647.3,603.2
2024-04-15,Food Vendor Area,0,Weekday,0,0,Sunny,0.0,None,1073,Dry Season,20,642.3,523.0
2024-04-15,Parking Area,0,Weekday,0,0,Sunny,0.0,None,1914,Dry Season,25,524.1,441.2
2024-04-15,Hotel Front Area,0,Weekday,0,0,Sunny,0.0,None,1881,Dry Season,20,570.2,544.4
2024-04-15,Event Area,0,Weekday,0,0,Sunny,0.0,Music Concert,4015,Dry Season,8,832.0,1398.7
2024-04-15,Legian-side Beach Zone,0,Weekday,0,0,Sunny,0.0,None,1532,Dry Season,11,843.0,579.3
2024-04-16,Beachwalk Area,1,Weekday,0,0,Sunny,0.0,None,1257,Dry Season,19,724.7,670.1
2024-04-16,Main Beach Gate,1,Weekday,0,0,Sunny,0.0,None,1499,Dry Season,14,603.2,619.9
2024-04-16,Food Vendor Area,1,Weekday,0,0,Sunny,0.0,None,1351,Dry Season,12,523.0,559.3
2024-04-16,Parking Area,1,Weekday,0,0,Sunny,0.0,None,1673,Dry Season,27,441.2,391.2
2024-04-16,Hotel Front Area,1,Weekday,0,0,Sunny,0.0,None,1020,Dry Season,15,544.4,408.3
2024-04-16,Event Area,1,Weekday,0,0,Sunny,0.0,None,1979,Dry Season,21,1398.7,778.2
2024-04-16,Legian-side Beach Zone,1,Weekday,0,0,Sunny,0.0,Sports Event,2546,Dry Season,8,579.3,765.6
2024-04-17,Beachwalk Area,2,Weekday,0,0,Rainy,21.7,None,2510,Dry Season,17,670.1,755.5
2024-04-17,Main Beach Gate,2,Weekday,0,0,Rainy,21.7,None,1232,Dry Season,28,619.9,529.1
2024-04-17,Food Vendor Area,2,Weekday,0,0,Rainy,21.7,None,1380,Dry Season,28,559.3,647.0
2024-04-17,Parking Area,2,Weekday,0,0,Rainy,21.7,Beach Festival,3031,Dry Season,12,391.2,955.7
2024-04-17,Hotel Front Area,2,Weekday,0,0,Rainy,21.7,None,2438,Dry Season,13,408.3,439.6
2024-04-17,Event Area,2,Weekday,0,0,Rainy,21.7,None,1656,Dry Season,26,778.2,622.4
2024-04-17,Legian-side Beach Zone,2,Weekday,0,0,Rainy,21.7,None,1643,Dry Season,13,765.6,627.2
2024-04-18,Beachwalk Area,3,Weekday,0,0,Cloudy,0.8,None,1547,Dry Season,12,755.5,721.4
2024-04-18,Main Beach Gate,3,Weekday,0,0,Cloudy,0.8,None,1005,Dry Season,23,529.1,546.7
2024-04-18,Food Vendor Area,3,Weekday,0,0,Cloudy,0.8,None,2374,Dry Season,23,647.0,639.3
2024-04-18,Parking Area,3,Weekday,0,0,Cloudy,0.8,None,1460,Dry Season,15,955.7,567.5
2024-04-18,Hotel Front Area,3,Weekday,0,0,Cloudy,0.8,Cultural Ceremony,3079,Dry Season,9,439.6,791.1
2024-04-18,Event Area,3,Weekday,0,0,Cloudy,0.8,None,3463,Dry Season,17,622.4,647.9
2024-04-18,Legian-side Beach Zone,3,Weekday,0,0,Cloudy,0.8,None,2383,Dry Season,27,627.2,509.6
2024-04-19,Beachwalk Area,4,Weekday,0,0,Sunny,0.0,None,2172,Dry Season,8,721.4,725.1
2024-04-19,Main Beach Gate,4,Weekday,0,0,Sunny,0.0,None,1904,Dry Season,16,546.7,504.1
2024-04-19,Food Vendor Area,4,Weekday,0,0,Sunny,0.0,None,1919,Dry Season,14,639.3,614.0
2024-04-19,Parking Area,4,Weekday,0,0,Sunny,0.0,None,1206,Dry Season,14,567.5,491.2
2024-04-19,Hotel Front Area,4,Weekday,0,0,Sunny,0.0,None,2241,Dry Season,16,791.1,500.1
2024-04-19,Event Area,4,Weekday,0,0,Sunny,0.0,None,1485,Dry Season,27,647.9,706.2
2024-04-19,Legian-side Beach Zone,4,Weekday,0,0,Sunny,0.0,None,2398,Dry Season,24,509.6,486.2
2024-04-20,Beachwalk Area,5,Weekend,1,0,Cloudy,1.9,None,3205,Dry Season,22,725.1,777.8
2024-04-20,Main Beach Gate,5,Weekend,1,0,Cloudy,1.9,None,2957,Dry Season,25,504.1,524.6
2024-04-20,Food Vendor Area,5,Weekend,1,0,Cloudy,1.9,None,2914,Dry Season,15,614.0,762.9
2024-04-20,Parking Area,5,Weekend,1,0,Cloudy,1.9,None,1914,Dry Season,11,491.2,521.0
2024-04-20,Hotel Front Area,5,Weekend,1,0,Cloudy,1.9,None,2211,Dry Season,8,500.1,663.0
2024-04-20,Event Area,5,Weekend,1,0,Cloudy,1.9,Beach Festival,9186,Dry Season,13,706.2,1616.5
2024-04-20,Legian-side Beach Zone,5,Weekend,1,0,Cloudy,1.9,None,2997,Dry Season,26,486.2,519.8
2024-04-21,Beachwalk Area,6,Weekend,1,0,Sunny,0.0,None,4518,Dry Season,11,777.8,911.2
2024-04-21,Main Beach Gate,6,Weekend,1,0,Sunny,0.0,None,2398,Dry Season,26,524.6,608.4
2024-04-21,Food Vendor Area,6,Weekend,1,0,Sunny,0.0,Music Concert,7425,Dry Season,26,762.9,1722.5
2024-04-21,Parking Area,6,Weekend,1,0,Sunny,0.0,None,2531,Dry Season,8,521.0,542.9
2024-04-21,Hotel Front Area,6,Weekend,1,0,Sunny,0.0,None,1469,Dry Season,12,663.0,586.2
2024-04-21,Event Area,6,Weekend,1,0,Sunny,0.0,None,3494,Dry Season,12,1616.5,1204.8
2024-04-21,Legian-side Beach Zone,6,Weekend,1,0,Sunny,0.0,None,1192,Dry Season,8,519.8,508.9
2024-04-22,Beachwalk Area,0,Weekday,0,0,Sunny,0.0,None,1394,Dry Season,9,911.2,657.6
2024-04-22,Main Beach Gate,0,Weekday,0,0,Sunny,0.0,None,1088,Dry Season,20,608.4,557.2
2024-04-22,Food Vendor Area,0,Weekday,0,0,Sunny,0.0,None,1014,Dry Season,21,1722.5,962.9
2024-04-22,Parking Area,0,Weekday,0,0,Sunny,0.0,None,2300,Dry Season,27,542.9,406.2
2024-04-22,Hotel Front Area,0,Weekday,0,0,Sunny,0.0,None,1513,Dry Season,16,586.2,541.9
2024-04-22,Event Area,0,Weekday,0,0,Sunny,0.0,Market Day,2352,Dry Season,13,1204.8,1121.5
2024-04-22,Legian-side Beach Zone,0,Weekday,0,0,Sunny,0.0,None,1480,Dry Season,12,508.9,420.9
2024-04-23,Beachwalk Area,1,Weekday,0,0,Cloudy,0.4,None,3368,Dry Season,10,657.6,629.8
2024-04-23,Main Beach Gate,1,Weekday,0,0,Cloudy,0.4,None,1007,Dry Season,9,557.2,495.5
2024-04-23,Food Vendor Area,1,Weekday,0,0,Cloudy,0.4,None,821,Dry Season,18,962.9,674.9
2024-04-23,Parking Area,1,Weekday,0,0,Cloudy,0.4,None,2318,Dry Season,13,406.2,367.2
2024-04-23,Hotel Front Area,1,Weekday,0,0,Cloudy,0.4,None,947,Dry Season,19,541.9,442.8
2024-04-23,Event Area,1,Weekday,0,0,Cloudy,0.4,Cultural Ceremony,6705,Dry Season,29,1121.5,1347.9
2024-04-23,Legian-side Beach Zone,1,Weekday,0,0,Cloudy,0.4,None,872,Dry Season,8,420.9,445.5
2024-04-24,Beachwalk Area,2,Weekday,0,0,Cloudy,1.1,None,1479,Dry Season,11,629.8,724.5
2024-04-24,Main Beach Gate,2,Weekday,0,0,Cloudy,1.1,None,1065,Dry Season,28,495.5,542.9
2024-04-24,Food Vendor Area,2,Weekday,0,0,Cloudy,1.1,None,1359,Dry Season,28,674.9,529.2
2024-04-24,Parking Area,2,Weekday,0,0,Cloudy,1.1,None,1409,Dry Season,20,367.2,353.7
2024-04-24,Hotel Front Area,2,Weekday,0,0,Cloudy,1.1,Sports Event,3208,Dry Season,11,442.8,896.6
2024-04-24,Event Area,2,Weekday,0,0,Cloudy,1.1,Beach Festival,6106,Dry Season,13,1347.9,1855.7
2024-04-24,Legian-side Beach Zone,2,Weekday,0,0,Cloudy,1.1,None,1169,Dry Season,29,445.5,388.9
2024-04-25,Beachwalk Area,3,Weekday,0,0,Rainy,6.7,None,1632,Dry Season,22,724.5,751.6
2024-04-25,Main Beach Gate,3,Weekday,0,0,Rainy,6.7,None,1714,Dry Season,24,542.9,560.8
2024-04-25,Food Vendor Area,3,Weekday,0,0,Rainy,6.7,None,1011,Dry Season,20,529.2,511.1
2024-04-25,Parking Area,3,Weekday,0,0,Rainy,6.7,None,950,Dry Season,22,353.7,411.1
2024-04-25,Hotel Front Area,3,Weekday,0,0,Rainy,6.7,Beach Festival,3876,Dry Season,23,896.6,1252.7
2024-04-25,Event Area,3,Weekday,0,0,Rainy,6.7,None,2443,Dry Season,10,1855.7,1014.3
2024-04-25,Legian-side Beach Zone,3,Weekday,0,0,Rainy,6.7,None,2351,Dry Season,25,388.9,438.4
2024-04-26,Beachwalk Area,4,Weekday,0,0,Sunny,0.0,None,2013,Dry Season,26,751.6,644.5
2024-04-26,Main Beach Gate,4,Weekday,0,0,Sunny,0.0,None,1303,Dry Season,21,560.8,488.1
2024-04-26,Food Vendor Area,4,Weekday,0,0,Sunny,0.0,None,1814,Dry Season,21,511.1,507.6
2024-04-26,Parking Area,4,Weekday,0,0,Sunny,0.0,None,1520,Dry Season,16,411.1,345.8
2024-04-26,Hotel Front Area,4,Weekday,0,0,Sunny,0.0,None,1094,Dry Season,24,1252.7,737.6
2024-04-26,Event Area,4,Weekday,0,0,Sunny,0.0,None,1887,Dry Season,16,1014.3,633.3
2024-04-26,Legian-side Beach Zone,4,Weekday,0,0,Sunny,0.0,None,1569,Dry Season,18,438.4,433.7
2024-04-27,Beachwalk Area,5,Weekend,1,0,Rainy,15.0,None,4443,Dry Season,12,644.5,995.8
2024-04-27,Main Beach Gate,5,Weekend,1,0,Rainy,15.0,None,1120,Dry Season,29,488.1,684.3
2024-04-27,Food Vendor Area,5,Weekend,1,0,Rainy,15.0,None,2636,Dry Season,11,507.6,810.1
2024-04-27,Parking Area,5,Weekend,1,0,Rainy,15.0,None,2176,Dry Season,29,345.8,415.8
2024-04-27,Hotel Front Area,5,Weekend,1,0,Rainy,15.0,None,2537,Dry Season,10,737.6,697.9
2024-04-27,Event Area,5,Weekend,1,0,Rainy,15.0,None,4018,Dry Season,13,633.3,832.7
2024-04-27,Legian-side Beach Zone,5,Weekend,1,0,Rainy,15.0,Market Day,4802,Dry Season,25,433.7,929.2
2024-04-28,Beachwalk Area,6,Weekend,1,0,Rainy,18.7,Market Day,6426,Dry Season,17,995.8,1352.1
2024-04-28,Main Beach Gate,6,Weekend,1,0,Rainy,18.7,None,2784,Dry Season,27,684.3,805.2
2024-04-28,Food Vendor Area,6,Weekend,1,0,Rainy,18.7,None,1745,Dry Season,12,810.1,814.3
2024-04-28,Parking Area,6,Weekend,1,0,Rainy,18.7,None,2840,Dry Season,14,415.8,513.8
2024-04-28,Hotel Front Area,6,Weekend,1,0,Rainy,18.7,None,2116,Dry Season,16,697.9,568.9
2024-04-28,Event Area,6,Weekend,1,0,Rainy,18.7,None,3387,Dry Season,29,832.7,912.9
2024-04-28,Legian-side Beach Zone,6,Weekend,1,0,Rainy,18.7,None,1151,Dry Season,24,929.2,648.0
2024-04-29,Beachwalk Area,0,Weekday,0,0,Cloudy,0.8,Beach Festival,5781,Dry Season,20,1352.1,1570.0
2024-04-29,Main Beach Gate,0,Weekday,0,0,Cloudy,0.8,None,2447,Dry Season,20,805.2,540.6
2024-04-29,Food Vendor Area,0,Weekday,0,0,Cloudy,0.8,Cultural Ceremony,2866,Dry Season,25,814.3,877.5
2024-04-29,Parking Area,0,Weekday,0,0,Cloudy,0.8,None,2237,Dry Season,24,513.8,414.2
2024-04-29,Hotel Front Area,0,Weekday,0,0,Cloudy,0.8,None,1298,Dry Season,21,568.9,411.2
2024-04-29,Event Area,0,Weekday,0,0,Cloudy,0.8,None,1279,Dry Season,11,912.9,650.5
2024-04-29,Legian-side Beach Zone,0,Weekday,0,0,Cloudy,0.8,None,1834,Dry Season,21,648.0,436.5
2024-04-30,Beachwalk Area,1,Weekday,0,0,Sunny,0.0,None,1283,Dry Season,22,1570.0,941.5
2024-04-30,Main Beach Gate,1,Weekday,0,0,Sunny,0.0,None,1162,Dry Season,16,540.6,482.1
2024-04-30,Food Vendor Area,1,Weekday,0,0,Sunny,0.0,None,818,Dry Season,10,877.5,706.5
2024-04-30,Parking Area,1,Weekday,0,0,Sunny,0.0,None,1248,Dry Season,25,414.2,355.1
2024-04-30,Hotel Front Area,1,Weekday,0,0,Sunny,0.0,None,1729,Dry Season,23,411.2,482.5
2024-04-30,Event Area,1,Weekday,0,0,Sunny,0.0,None,1461,Dry Season,14,650.5,589.4
2024-04-30,Legian-side Beach Zone,1,Weekday,0,0,Sunny,0.0,None,870,Dry Season,20,436.5,388.2
2024-05-01,Beachwalk Area,2,Public Holiday,0,1,Rainy,9.1,None,3402,Dry Season,8,941.5,902.0
2024-05-01,Main Beach Gate,2,Public Holiday,0,1,Rainy,9.1,None,3540,Dry Season,10,482.1,805.8
2024-05-01,Food Vendor Area,2,Public Holiday,0,1,Rainy,9.1,None,1822,Dry Season,23,706.5,711.3
2024-05-01,Parking Area,2,Public Holiday,0,1,Rainy,9.1,None,2146,Dry Season,8,355.1,561.0
2024-05-01,Hotel Front Area,2,Public Holiday,0,1,Rainy,9.1,None,1836,Dry Season,26,482.5,556.8
2024-05-01,Event Area,2,Public Holiday,0,1,Rainy,9.1,Market Day,5543,Dry Season,16,589.4,1492.8
2024-05-01,Legian-side Beach Zone,2,Public Holiday,0,1,Rainy,9.1,None,2611,Dry Season,15,388.2,505.5
2024-05-02,Beachwalk Area,3,Weekday,0,0,Sunny,0.0,None,3459,Dry Season,29,902.0,716.8
2024-05-02,Main Beach Gate,3,Weekday,0,0,Sunny,0.0,None,1091,Dry Season,22,805.8,498.2
2024-05-02,Food Vendor Area,3,Weekday,0,0,Sunny,0.0,None,1484,Dry Season,25,711.3,572.3
2024-05-02,Parking Area,3,Weekday,0,0,Sunny,0.0,None,1134,Dry Season,27,561.0,478.2
2024-05-02,Hotel Front Area,3,Weekday,0,0,Sunny,0.0,None,1122,Dry Season,26,556.8,397.7
2024-05-02,Event Area,3,Weekday,0,0,Sunny,0.0,None,1174,Dry Season,11,1492.8,896.4
2024-05-02,Legian-side Beach Zone,3,Weekday,0,0,Sunny,0.0,None,1945,Dry Season,18,505.5,501.7
2024-05-03,Beachwalk Area,4,Weekday,0,0,Sunny,0.0,None,2910,Dry Season,24,716.8,629.3
2024-05-03,Main Beach Gate,4,Weekday,0,0,Sunny,0.0,None,2305,Dry Season,22,498.2,437.4
2024-05-03,Food Vendor Area,4,Weekday,0,0,Sunny,0.0,None,2024,Dry Season,12,572.3,607.3
2024-05-03,Parking Area,4,Weekday,0,0,Sunny,0.0,None,2303,Dry Season,27,478.2,371.0
2024-05-03,Hotel Front Area,4,Weekday,0,0,Sunny,0.0,None,843,Dry Season,14,397.7,452.4
2024-05-03,Event Area,4,Weekday,0,0,Sunny,0.0,None,2413,Dry Season,24,896.4,660.0
2024-05-03,Legian-side Beach Zone,4,Weekday,0,0,Sunny,0.0,None,2399,Dry Season,11,501.7,534.2
2024-05-04,Beachwalk Area,5,Weekend,1,0,Cloudy,1.5,None,4127,Dry Season,20,629.3,815.8
2024-05-04,Main Beach Gate,5,Weekend,1,0,Cloudy,1.5,None,1839,Dry Season,15,437.4,587.3
2024-05-04,Food Vendor Area,5,Weekend,1,0,Cloudy,1.5,None,1992,Dry Season,19,607.3,724.7
2024-05-04,Parking Area,5,Weekend,1,0,Cloudy,1.5,None,2806,Dry Season,24,371.0,473.1
2024-05-04,Hotel Front Area,5,Weekend,1,0,Cloudy,1.5,Music Concert,4201,Dry Season,24,452.4,1110.6
2024-05-04,Event Area,5,Weekend,1,0,Cloudy,1.5,None,1888,Dry Season,10,660.0,907.8
2024-05-04,Legian-side Beach Zone,5,Weekend,1,0,Cloudy,1.5,None,2537,Dry Season,20,534.2,594.0
2024-05-05,Beachwalk Area,6,Weekend,1,0,Cloudy,0.6,None,3096,Dry Season,29,815.8,696.2
2024-05-05,Main Beach Gate,6,Weekend,1,0,Cloudy,0.6,None,2639,Dry Season,11,587.3,669.8
2024-05-05,Food Vendor Area,6,Weekend,1,0,Cloudy,0.6,None,2811,Dry Season,12,724.7,841.0
2024-05-05,Parking Area,6,Weekend,1,0,Cloudy,0.6,Beach Festival,3150,Dry Season,28,473.1,1045.2
2024-05-05,Hotel Front Area,6,Weekend,1,0,Cloudy,0.6,None,2115,Dry Season,21,1110.6,759.6
2024-05-05,Event Area,6,Weekend,1,0,Cloudy,0.6,Music Concert,7728,Dry Season,14,907.8,2321.2
2024-05-05,Legian-side Beach Zone,6,Weekend,1,0,Cloudy,0.6,None,2705,Dry Season,15,594.0,520.2
2024-05-06,Beachwalk Area,0,Weekday,0,0,Cloudy,0.1,Sports Event,6329,Dry Season,17,696.2,935.0
2024-05-06,Main Beach Gate,0,Weekday,0,0,Cloudy,0.1,None,1150,Dry Season,22,669.8,501.7
2024-05-06,Food Vendor Area,0,Weekday,0,0,Cloudy,0.1,None,1602,Dry Season,27,841.0,710.7
2024-05-06,Parking Area,0,Weekday,0,0,Cloudy,0.1,None,1749,Dry Season,18,1045.2,490.5
2024-05-06,Hotel Front Area,0,Weekday,0,0,Cloudy,0.1,None,1300,Dry Season,10,759.6,470.5
2024-05-06,Event Area,0,Weekday,0,0,Cloudy,0.1,Cultural Ceremony,7144,Dry Season,22,2321.2,1557.4
2024-05-06,Legian-side Beach Zone,0,Weekday,0,0,Cloudy,0.1,Music Concert,3888,Dry Season,17,520.2,912.3
2024-05-07,Beachwalk Area,1,Weekday,0,0,Sunny,0.0,None,1145,Dry Season,18,935.0,718.6
2024-05-07,Main Beach Gate,1,Weekday,0,0,Sunny,0.0,None,2488,Dry Season,27,501.7,521.4
2024-05-07,Food Vendor Area,1,Weekday,0,0,Sunny,0.0,None,1450,Dry Season,21,710.7,570.8
2024-05-07,Parking Area,1,Weekday,0,0,Sunny,0.0,None,2014,Dry Season,12,490.5,505.5
2024-05-07,Hotel Front Area,1,Weekday,0,0,Sunny,0.0,None,1936,Dry Season,17,470.5,476.7
2024-05-07,Event Area,1,Weekday,0,0,Sunny,0.0,None,1521,Dry Season,18,1557.4,980.1
2024-05-07,Legian-side Beach Zone,1,Weekday,0,0,Sunny,0.0,None,1493,Dry Season,25,912.3,491.9
2024-05-08,Beachwalk Area,2,Weekday,0,0,Rainy,17.6,Music Concert,8083,Dry Season,29,718.6,1494.5
2024-05-08,Main Beach Gate,2,Weekday,0,0,Rainy,17.6,None,1887,Dry Season,14,521.4,607.2
2024-05-08,Food Vendor Area,2,Weekday,0,0,Rainy,17.6,None,1205,Dry Season,29,570.8,613.4
2024-05-08,Parking Area,2,Weekday,0,0,Rainy,17.6,None,1229,Dry Season,21,505.5,377.7
2024-05-08,Hotel Front Area,2,Weekday,0,0,Rainy,17.6,None,1174,Dry Season,18,476.7,467.0
2024-05-08,Event Area,2,Weekday,0,0,Rainy,17.6,None,1863,Dry Season,13,980.1,841.9
2024-05-08,Legian-side Beach Zone,2,Weekday,0,0,Rainy,17.6,None,1917,Dry Season,20,491.9,428.0
2024-05-09,Beachwalk Area,3,Weekday,0,0,Cloudy,0.6,None,3305,Dry Season,18,1494.5,920.7
2024-05-09,Main Beach Gate,3,Weekday,0,0,Cloudy,0.6,None,1973,Dry Season,27,607.2,456.9
2024-05-09,Food Vendor Area,3,Weekday,0,0,Cloudy,0.6,None,1725,Dry Season,24,613.4,588.5
2024-05-09,Parking Area,3,Weekday,0,0,Cloudy,0.6,None,1967,Dry Season,21,377.7,396.7
2024-05-09,Hotel Front Area,3,Weekday,0,0,Cloudy,0.6,None,1868,Dry Season,22,467.0,469.8
2024-05-09,Event Area,3,Weekday,0,0,Cloudy,0.6,None,2853,Dry Season,16,841.9,809.6
2024-05-09,Legian-side Beach Zone,3,Weekday,0,0,Cloudy,0.6,Cultural Ceremony,2683,Dry Season,15,428.0,722.8
2024-05-10,Beachwalk Area,4,Weekday,0,0,Rainy,7.6,None,2984,Dry Season,19,920.7,847.1
2024-05-10,Main Beach Gate,4,Weekday,0,0,Rainy,7.6,None,2173,Dry Season,26,456.9,545.3
2024-05-10,Food Vendor Area,4,Weekday,0,0,Rainy,7.6,None,1894,Dry Season,19,588.5,557.2
2024-05-10,Parking Area,4,Weekday,0,0,Rainy,7.6,None,849,Dry Season,13,396.7,478.0
2024-05-10,Hotel Front Area,4,Weekday,0,0,Rainy,7.6,Market Day,4716,Dry Season,15,469.8,645.0
2024-05-10,Event Area,4,Weekday,0,0,Rainy,7.6,Music Concert,2710,Dry Season,17,809.6,1447.9
2024-05-10,Legian-side Beach Zone,4,Weekday,0,0,Rainy,7.6,None,1436,Dry Season,20,722.8,466.4
2024-05-11,Beachwalk Area,5,Weekend,1,0,Sunny,0.0,None,3723,Dry Season,25,847.1,784.8
2024-05-11,Main Beach Gate,5,Weekend,1,0,Sunny,0.0,None,2858,Dry Season,29,545.3,621.1
2024-05-11,Food Vendor Area,5,Weekend,1,0,Sunny,0.0,None,2762,Dry Season,12,557.2,726.7
2024-05-11,Parking Area,5,Weekend,1,0,Sunny,0.0,None,2536,Dry Season,21,478.0,460.3
2024-05-11,Hotel Front Area,5,Weekend,1,0,Sunny,0.0,Sports Event,7005,Dry Season,8,645.0,1102.5
2024-05-11,Event Area,5,Weekend,1,0,Sunny,0.0,Beach Festival,6406,Dry Season,9,1447.9,1959.0
2024-05-11,Legian-side Beach Zone,5,Weekend,1,0,Sunny,0.0,None,1933,Dry Season,25,466.4,533.6
2024-05-12,Beachwalk Area,6,Public Holiday,1,1,Rainy,22.2,None,4449,Dry Season,14,784.8,1262.8
2024-05-12,Main Beach Gate,6,Public Holiday,1,1,Rainy,22.2,None,1635,Dry Season,27,621.1,759.3
2024-05-12,Food Vendor Area,6,Public Holiday,1,1,Rainy,22.2,None,3205,Dry Season,23,726.7,1092.9
2024-05-12,Parking Area,6,Public Holiday,1,1,Rainy,22.2,None,3628,Dry Season,26,460.3,733.0
2024-05-12,Hotel Front Area,6,Public Holiday,1,1,Rainy,22.2,Cultural Ceremony,6098,Dry Season,11,1102.5,1572.7
2024-05-12,Event Area,6,Public Holiday,1,1,Rainy,22.2,None,3511,Dry Season,20,1959.0,1687.9
2024-05-12,Legian-side Beach Zone,6,Public Holiday,1,1,Rainy,22.2,None,4314,Dry Season,26,533.6,853.4
2024-05-13,Beachwalk Area,0,Weekday,0,0,Cloudy,1.7,None,3323,Dry Season,15,1262.8,794.9
2024-05-13,Main Beach Gate,0,Weekday,0,0,Cloudy,1.7,None,1285,Dry Season,13,759.3,659.7
2024-05-13,Food Vendor Area,0,Weekday,0,0,Cloudy,1.7,None,2274,Dry Season,10,1092.9,692.6
2024-05-13,Parking Area,0,Weekday,0,0,Cloudy,1.7,None,1205,Dry Season,13,733.0,563.8
2024-05-13,Hotel Front Area,0,Weekday,0,0,Cloudy,1.7,None,984,Dry Season,13,1572.7,757.5
2024-05-13,Event Area,0,Weekday,0,0,Cloudy,1.7,None,1660,Dry Season,19,1687.9,949.1
2024-05-13,Legian-side Beach Zone,0,Weekday,0,0,Cloudy,1.7,None,2078,Dry Season,12,853.4,524.6
2024-05-14,Beachwalk Area,1,Weekday,0,0,Cloudy,0.4,None,2185,Dry Season,27,794.9,612.6
2024-05-14,Main Beach Gate,1,Weekday,0,0,Cloudy,0.4,None,1324,Dry Season,20,659.7,593.1
2024-05-14,Food Vendor Area,1,Weekday,0,0,Cloudy,0.4,None,1075,Dry Season,27,692.6,623.9
2024-05-14,Parking Area,1,Weekday,0,0,Cloudy,0.4,None,1280,Dry Season,8,563.8,425.2
2024-05-14,Hotel Front Area,1,Weekday,0,0,Cloudy,0.4,None,1881,Dry Season,15,757.5,600.0
2024-05-14,Event Area,1,Weekday,0,0,Cloudy,0.4,Music Concert,7348,Dry Season,20,949.1,1521.9
2024-05-14,Legian-side Beach Zone,1,Weekday,0,0,Cloudy,0.4,None,2296,Dry Season,23,524.6,473.4
2024-05-15,Beachwalk Area,2,Weekday,0,0,Rainy,15.3,None,1136,Dry Season,25,612.6,622.7
2024-05-15,Main Beach Gate,2,Weekday,0,0,Rainy,15.3,None,1580,Dry Season,18,593.1,485.7
2024-05-15,Food Vendor Area,2,Weekday,0,0,Rainy,15.3,None,2390,Dry Season,24,623.9,641.9
2024-05-15,Parking Area,2,Weekday,0,0,Rainy,15.3,None,2024,Dry Season,27,425.2,428.9
2024-05-15,Hotel Front Area,2,Weekday,0,0,Rainy,15.3,None,1270,Dry Season,27,600.0,478.5
2024-05-15,Event Area,2,Weekday,0,0,Rainy,15.3,None,2027,Dry Season,29,1521.9,1091.4
2024-05-15,Legian-side Beach Zone,2,Weekday,0,0,Rainy,15.3,None,1921,Dry Season,23,473.4,435.0
2024-05-16,Beachwalk Area,3,Weekday,0,0,Sunny,0.0,None,2482,Dry Season,15,622.7,576.4
2024-05-16,Main Beach Gate,3,Weekday,0,0,Sunny,0.0,None,2144,Dry Season,18,485.7,543.8
2024-05-16,Food Vendor Area,3,Weekday,0,0,Sunny,0.0,None,938,Dry Season,14,641.9,531.9
2024-05-16,Parking Area,3,Weekday,0,0,Sunny,0.0,None,1215,Dry Season,28,428.9,385.6
2024-05-16,Hotel Front Area,3,Weekday,0,0,Sunny,0.0,None,1189,Dry Season,29,478.5,378.0
2024-05-16,Event Area,3,Weekday,0,0,Sunny,0.0,Music Concert,3602,Dry Season,24,1091.4,1381.1
2024-05-16,Legian-side Beach Zone,3,Weekday,0,0,Sunny,0.0,None,1616,Dry Season,28,435.0,474.1
2024-05-17,Beachwalk Area,4,Weekday,0,0,Cloudy,1.9,None,1500,Dry Season,13,576.4,656.8
2024-05-17,Main Beach Gate,4,Weekday,0,0,Cloudy,1.9,None,2373,Dry Season,12,543.8,621.0
2024-05-17,Food Vendor Area,4,Weekday,0,0,Cloudy,1.9,None,2041,Dry Season,24,531.9,516.2
2024-05-17,Parking Area,4,Weekday,0,0,Cloudy,1.9,None,1107,Dry Season,24,385.6,385.4
2024-05-17,Hotel Front Area,4,Weekday,0,0,Cloudy,1.9,None,2317,Dry Season,26,378.0,403.9
2024-05-17,Event Area,4,Weekday,0,0,Cloudy,1.9,None,2233,Dry Season,8,1381.1,786.5
2024-05-17,Legian-side Beach Zone,4,Weekday,0,0,Cloudy,1.9,None,1408,Dry Season,19,474.1,383.8
2024-05-18,Beachwalk Area,5,Weekend,1,0,Sunny,0.0,None,4213,Dry Season,16,656.8,716.3
2024-05-18,Main Beach Gate,5,Weekend,1,0,Sunny,0.0,None,2743,Dry Season,21,621.0,634.4
2024-05-18,Food Vendor Area,5,Weekend,1,0,Sunny,0.0,None,3122,Dry Season,29,516.2,708.2
2024-05-18,Parking Area,5,Weekend,1,0,Sunny,0.0,None,2837,Dry Season,17,385.4,421.2
2024-05-18,Hotel Front Area,5,Weekend,1,0,Sunny,0.0,None,2623,Dry Season,23,403.9,566.6
2024-05-18,Event Area,5,Weekend,1,0,Sunny,0.0,None,1644,Dry Season,28,786.5,721.4
2024-05-18,Legian-side Beach Zone,5,Weekend,1,0,Sunny,0.0,None,1495,Dry Season,25,383.8,530.4
2024-05-19,Beachwalk Area,6,Weekend,1,0,Rainy,11.3,None,1688,Dry Season,29,716.3,739.8
2024-05-19,Main Beach Gate,6,Weekend,1,0,Rainy,11.3,None,2861,Dry Season,28,634.4,695.9
2024-05-19,Food Vendor Area,6,Weekend,1,0,Rainy,11.3,None,2979,Dry Season,8,708.2,758.4
2024-05-19,Parking Area,6,Weekend,1,0,Rainy,11.3,None,1363,Dry Season,21,421.2,504.0
2024-05-19,Hotel Front Area,6,Weekend,1,0,Rainy,11.3,None,2064,Dry Season,12,566.6,626.6
2024-05-19,Event Area,6,Weekend,1,0,Rainy,11.3,Sports Event,5860,Dry Season,25,721.4,1332.8
2024-05-19,Legian-side Beach Zone,6,Weekend,1,0,Rainy,11.3,None,2172,Dry Season,10,530.4,607.0
2024-05-20,Beachwalk Area,0,Weekday,0,0,Cloudy,1.9,Music Concert,4377,Dry Season,20,739.8,1197.6
2024-05-20,Main Beach Gate,0,Weekday,0,0,Cloudy,1.9,None,1242,Dry Season,20,695.9,556.7
2024-05-20,Food Vendor Area,0,Weekday,0,0,Cloudy,1.9,None,2394,Dry Season,23,758.4,681.2
2024-05-20,Parking Area,0,Weekday,0,0,Cloudy,1.9,None,1618,Dry Season,18,504.0,413.1
2024-05-20,Hotel Front Area,0,Weekday,0,0,Cloudy,1.9,None,2425,Dry Season,20,626.6,515.2
2024-05-20,Event Area,0,Weekday,0,0,Cloudy,1.9,Market Day,5490,Dry Season,16,1332.8,981.9
2024-05-20,Legian-side Beach Zone,0,Weekday,0,0,Cloudy,1.9,None,2318,Dry Season,9,607.0,443.7
2024-05-21,Beachwalk Area,1,Weekday,0,0,Sunny,0.0,None,3166,Dry Season,29,1197.6,737.8
2024-05-21,Main Beach Gate,1,Weekday,0,0,Sunny,0.0,None,1560,Dry Season,17,556.7,486.3
2024-05-21,Food Vendor Area,1,Weekday,0,0,Sunny,0.0,None,2032,Dry Season,29,681.2,593.0
2024-05-21,Parking Area,1,Weekday,0,0,Sunny,0.0,None,807,Dry Season,22,413.1,315.8
2024-05-21,Hotel Front Area,1,Weekday,0,0,Sunny,0.0,None,2476,Dry Season,24,515.2,520.0
2024-05-21,Event Area,1,Weekday,0,0,Sunny,0.0,None,1719,Dry Season,13,981.9,780.6
2024-05-21,Legian-side Beach Zone,1,Weekday,0,0,Sunny,0.0,None,871,Dry Season,22,443.7,442.6
2024-05-22,Beachwalk Area,2,Weekday,0,0,Sunny,0.0,None,2895,Dry Season,10,737.8,602.0
2024-05-22,Main Beach Gate,2,Weekday,0,0,Sunny,0.0,None,1369,Dry Season,24,486.3,471.2
2024-05-22,Food Vendor Area,2,Weekday,0,0,Sunny,0.0,None,1828,Dry Season,27,593.0,523.8
2024-05-22,Parking Area,2,Weekday,0,0,Sunny,0.0,None,1553,Dry Season,25,315.8,333.7
2024-05-22,Hotel Front Area,2,Weekday,0,0,Sunny,0.0,None,2285,Dry Season,20,520.0,431.1
2024-05-22,Event Area,2,Weekday,0,0,Sunny,0.0,Music Concert,4689,Dry Season,19,780.6,1513.2
2024-05-22,Legian-side Beach Zone,2,Weekday,0,0,Sunny,0.0,None,2435,Dry Season,10,442.6,452.7
2024-05-23,Beachwalk Area,3,Weekday,0,0,Rainy,21.3,None,1321,Dry Season,14,602.0,638.7
2024-05-23,Main Beach Gate,3,Weekday,0,0,Rainy,21.3,None,1599,Dry Season,11,471.2,553.1
2024-05-23,Food Vendor Area,3,Weekday,0,0,Rainy,21.3,None,1197,Dry Season,12,523.8,546.6
2024-05-23,Parking Area,3,Weekday,0,0,Rainy,21.3,None,1607,Dry Season,23,333.7,429.9
2024-05-23,Hotel Front Area,3,Weekday,0,0,Rainy,21.3,Market Day,2764,Dry Season,20,431.1,719.5
2024-05-23,Event Area,3,Weekday,0,0,Rainy,21.3,Music Concert,3296,Dry Season,20,1513.2,1965.7
2024-05-23,Legian-side Beach Zone,3,Weekday,0,0,Rainy,21.3,Sports Event,2199,Dry Season,23,452.7,739.5
2024-05-24,Beachwalk Area,4,Weekday,0,0,Rainy,15.6,None,2144,Dry Season,14,638.7,769.3
2024-05-24,Main Beach Gate,4,Weekday,0,0,Rainy,15.6,None,972,Dry Season,12,553.1,492.7
2024-05-24,Food Vendor Area,4,Weekday,0,0,Rainy,15.6,None,1293,Dry Season,19,546.6,572.1
2024-05-24,Parking Area,4,Weekday,0,0,Rainy,15.6,None,1087,Dry Season,17,429.9,451.7
2024-05-24,Hotel Front Area,4,Weekday,0,0,Rainy,15.6,None,1407,Dry Season,16,719.5,519.6
2024-05-24,Event Area,4,Weekday,0,0,Rainy,15.6,None,1992,Dry Season,10,1965.7,1243.1
2024-05-24,Legian-side Beach Zone,4,Weekday,0,0,Rainy,15.6,None,1919,Dry Season,11,739.5,554.1
2024-05-25,Beachwalk Area,5,Weekend,1,0,Sunny,0.0,Music Concert,6999,Dry Season,29,769.3,1902.7
2024-05-25,Main Beach Gate,5,Weekend,1,0,Sunny,0.0,None,2030,Dry Season,17,492.7,506.8
2024-05-25,Food Vendor Area,5,Weekend,1,0,Sunny,0.0,None,1817,Dry Season,21,572.1,702.3
2024-05-25,Parking Area,5,Weekend,1,0,Sunny,0.0,Beach Festival,3584,Dry Season,26,451.7,1047.8
2024-05-25,Hotel Front Area,5,Weekend,1,0,Sunny,0.0,None,2187,Dry Season,9,519.6,528.9
2024-05-25,Event Area,5,Weekend,1,0,Sunny,0.0,None,3363,Dry Season,17,1243.1,1066.9
2024-05-25,Legian-side Beach Zone,5,Weekend,1,0,Sunny,0.0,Cultural Ceremony,2922,Dry Season,16,554.1,707.5
2024-05-26,Beachwalk Area,6,Weekend,1,0,Sunny,0.0,None,1634,Dry Season,18,1902.7,939.8
2024-05-26,Main Beach Gate,6,Weekend,1,0,Sunny,0.0,None,1929,Dry Season,14,506.8,567.4
2024-05-26,Food Vendor Area,6,Weekend,1,0,Sunny,0.0,None,3118,Dry Season,9,702.3,883.4
2024-05-26,Parking Area,6,Weekend,1,0,Sunny,0.0,None,1108,Dry Season,18,1047.8,613.7
2024-05-26,Hotel Front Area,6,Weekend,1,0,Sunny,0.0,Music Concert,5254,Dry Season,23,528.9,1055.9
2024-05-26,Event Area,6,Weekend,1,0,Sunny,0.0,None,2238,Dry Season,22,1066.9,755.8
2024-05-26,Legian-side Beach Zone,6,Weekend,1,0,Sunny,0.0,None,2802,Dry Season,11,707.5,727.9
2024-05-27,Beachwalk Area,0,Weekday,0,0,Cloudy,0.6,None,1219,Dry Season,14,939.8,645.8
2024-05-27,Main Beach Gate,0,Weekday,0,0,Cloudy,0.6,None,1374,Dry Season,15,567.4,445.2
2024-05-27,Food Vendor Area,0,Weekday,0,0,Cloudy,0.6,None,2378,Dry Season,24,883.4,609.5
2024-05-27,Parking Area,0,Weekday,0,0,Cloudy,0.6,None,1780,Dry Season,15,613.7,503.0
2024-05-27,Hotel Front Area,0,Weekday,0,0,Cloudy,0.6,None,1595,Dry Season,29,1055.9,586.2
2024-05-27,Event Area,0,Weekday,0,0,Cloudy,0.6,None,2415,Dry Season,23,755.8,635.7
2024-05-27,Legian-side Beach Zone,0,Weekday,0,0,Cloudy,0.6,None,2003,Dry Season,12,727.9,578.8
2024-05-28,Beachwalk Area,1,Weekday,0,0,Cloudy,1.4,None,1764,Dry Season,17,645.8,555.6
2024-05-28,Main Beach Gate,1,Weekday,0,0,Cloudy,1.4,None,2134,Dry Season,27,445.2,493.3
2024-05-28,Food Vendor Area,1,Weekday,0,0,Cloudy,1.4,None,1630,Dry Season,11,609.5,588.7
2024-05-28,Parking Area,1,Weekday,0,0,Cloudy,1.4,None,1969,Dry Season,12,503.0,486.3
2024-05-28,Hotel Front Area,1,Weekday,0,0,Cloudy,1.4,None,1270,Dry Season,9,586.2,452.0
2024-05-28,Event Area,1,Weekday,0,0,Cloudy,1.4,None,1428,Dry Season,11,635.7,730.8
2024-05-28,Legian-side Beach Zone,1,Weekday,0,0,Cloudy,1.4,None,1731,Dry Season,16,578.8,424.6
2024-05-29,Beachwalk Area,2,Public Holiday,0,1,Sunny,0.0,Beach Festival,4317,Dry Season,11,555.6,1563.8
2024-05-29,Main Beach Gate,2,Public Holiday,0,1,Sunny,0.0,Music Concert,3506,Dry Season,19,493.3,1287.2
2024-05-29,Food Vendor Area,2,Public Holiday,0,1,Sunny,0.0,None,2125,Dry Season,14,588.7,693.9
2024-05-29,Parking Area,2,Public Holiday,0,1,Sunny,0.0,Music Concert,3733,Dry Season,26,486.3,1298.7
2024-05-29,Hotel Front Area,2,Public Holiday,0,1,Sunny,0.0,None,1479,Dry Season,27,452.0,543.5
2024-05-29,Event Area,2,Public Holiday,0,1,Sunny,0.0,None,1980,Dry Season,23,730.8,755.0
2024-05-29,Legian-side Beach Zone,2,Public Holiday,0,1,Sunny,0.0,None,2895,Dry Season,8,424.6,529.9
2024-05-30,Beachwalk Area,3,Weekday,0,0,Sunny,0.0,None,1547,Dry Season,19,1563.8,758.3
2024-05-30,Main Beach Gate,3,Weekday,0,0,Sunny,0.0,None,2171,Dry Season,8,1287.2,810.5
2024-05-30,Food Vendor Area,3,Weekday,0,0,Sunny,0.0,None,1510,Dry Season,9,693.9,647.4
2024-05-30,Parking Area,3,Weekday,0,0,Sunny,0.0,None,1330,Dry Season,18,1298.7,733.8
2024-05-30,Hotel Front Area,3,Weekday,0,0,Sunny,0.0,None,1292,Dry Season,10,543.5,459.9
2024-05-30,Event Area,3,Weekday,0,0,Sunny,0.0,None,2352,Dry Season,29,755.0,688.6
2024-05-30,Legian-side Beach Zone,3,Weekday,0,0,Sunny,0.0,None,2139,Dry Season,29,529.9,446.2
2024-05-31,Beachwalk Area,4,Weekday,0,0,Sunny,0.0,None,3085,Dry Season,17,758.3,709.0
2024-05-31,Main Beach Gate,4,Weekday,0,0,Sunny,0.0,None,1644,Dry Season,16,810.5,612.4
2024-05-31,Food Vendor Area,4,Weekday,0,0,Sunny,0.0,None,2069,Dry Season,23,647.4,537.0
2024-05-31,Parking Area,4,Weekday,0,0,Sunny,0.0,None,1553,Dry Season,18,733.8,421.5
2024-05-31,Hotel Front Area,4,Weekday,0,0,Sunny,0.0,None,1983,Dry Season,9,459.9,463.7
2024-05-31,Event Area,4,Weekday,0,0,Sunny,0.0,Cultural Ceremony,2971,Dry Season,9,688.6,1159.2
2024-05-31,Legian-side Beach Zone,4,Weekday,0,0,Sunny,0.0,None,1377,Dry Season,8,446.2,465.8
2024-06-01,Beachwalk Area,5,Public Holiday,1,1,Cloudy,1.0,None,3733,Peak Tourist Season,21,709.0,1164.6
2024-06-01,Main Beach Gate,5,Public Holiday,1,1,Cloudy,1.0,None,2752,Peak Tourist Season,27,612.4,1000.5
2024-06-01,Food Vendor Area,5,Public Holiday,1,1,Cloudy,1.0,None,2770,Peak Tourist Season,21,537.0,1166.4
2024-06-01,Parking Area,5,Public Holiday,1,1,Cloudy,1.0,Cultural Ceremony,8988,Peak Tourist Season,29,421.5,1172.0
2024-06-01,Hotel Front Area,5,Public Holiday,1,1,Cloudy,1.0,None,4372,Peak Tourist Season,29,463.7,887.4
2024-06-01,Event Area,5,Public Holiday,1,1,Cloudy,1.0,None,5947,Peak Tourist Season,8,1159.2,1691.0
2024-06-01,Legian-side Beach Zone,5,Public Holiday,1,1,Cloudy,1.0,None,2130,Peak Tourist Season,10,465.8,791.2
2024-06-02,Beachwalk Area,6,Weekend,1,0,Cloudy,0.2,None,2655,Peak Tourist Season,15,1164.6,917.9
2024-06-02,Main Beach Gate,6,Weekend,1,0,Cloudy,0.2,None,1961,Peak Tourist Season,19,1000.5,807.0
2024-06-02,Food Vendor Area,6,Weekend,1,0,Cloudy,0.2,None,2554,Peak Tourist Season,14,1166.4,931.6
2024-06-02,Parking Area,6,Weekend,1,0,Cloudy,0.2,None,2891,Peak Tourist Season,16,1172.0,782.1
2024-06-02,Hotel Front Area,6,Weekend,1,0,Cloudy,0.2,None,1180,Peak Tourist Season,27,887.4,761.2
2024-06-02,Event Area,6,Weekend,1,0,Cloudy,0.2,Music Concert,4581,Peak Tourist Season,10,1691.0,2489.6
2024-06-02,Legian-side Beach Zone,6,Weekend,1,0,Cloudy,0.2,None,1285,Peak Tourist Season,15,791.2,761.1
2024-06-03,Beachwalk Area,0,Weekday,0,0,Rainy,23.0,None,3267,Peak Tourist Season,29,917.9,949.6
2024-06-03,Main Beach Gate,0,Weekday,0,0,Rainy,23.0,None,1530,Peak Tourist Season,15,807.0,636.9
2024-06-03,Food Vendor Area,0,Weekday,0,0,Rainy,23.0,None,1407,Peak Tourist Season,18,931.6,900.6
2024-06-03,Parking Area,0,Weekday,0,0,Rainy,23.0,None,853,Peak Tourist Season,23,782.1,665.1
2024-06-03,Hotel Front Area,0,Weekday,0,0,Rainy,23.0,None,992,Peak Tourist Season,28,761.2,599.7
2024-06-03,Event Area,0,Weekday,0,0,Rainy,23.0,None,2311,Peak Tourist Season,13,2489.6,1473.2
2024-06-03,Legian-side Beach Zone,0,Weekday,0,0,Rainy,23.0,None,2496,Peak Tourist Season,10,761.1,748.9
2024-06-04,Beachwalk Area,1,Weekday,0,0,Cloudy,0.2,None,1505,Peak Tourist Season,16,949.6,869.6
2024-06-04,Main Beach Gate,1,Weekday,0,0,Cloudy,0.2,None,1925,Peak Tourist Season,20,636.9,679.3
2024-06-04,Food Vendor Area,1,Weekday,0,0,Cloudy,0.2,None,2264,Peak Tourist Season,29,900.6,722.8
2024-06-04,Parking Area,1,Weekday,0,0,Cloudy,0.2,None,1676,Peak Tourist Season,29,665.1,481.5
2024-06-04,Hotel Front Area,1,Weekday,0,0,Cloudy,0.2,None,2023,Peak Tourist Season,17,599.7,569.5
2024-06-04,Event Area,1,Weekday,0,0,Cloudy,0.2,Music Concert,5430,Peak Tourist Season,27,1473.2,2045.7
2024-06-04,Legian-side Beach Zone,1,Weekday,0,0,Cloudy,0.2,None,1234,Peak Tourist Season,19,748.9,567.6
2024-06-05,Beachwalk Area,2,Weekday,0,0,Sunny,0.0,Cultural Ceremony,4120,Peak Tourist Season,9,869.6,1314.7
2024-06-05,Main Beach Gate,2,Weekday,0,0,Sunny,0.0,None,1741,Peak Tourist Season,27,679.3,597.9
2024-06-05,Food Vendor Area,2,Weekday,0,0,Sunny,0.0,None,2400,Peak Tourist Season,10,722.8,838.7
2024-06-05,Parking Area,2,Weekday,0,0,Sunny,0.0,None,1175,Peak Tourist Season,14,481.5,506.9
2024-06-05,Hotel Front Area,2,Weekday,0,0,Sunny,0.0,None,2489,Peak Tourist Season,13,569.5,618.8
2024-06-05,Event Area,2,Weekday,0,0,Sunny,0.0,None,3432,Peak Tourist Season,12,2045.7,1071.9
2024-06-05,Legian-side Beach Zone,2,Weekday,0,0,Sunny,0.0,None,2092,Peak Tourist Season,29,567.6,508.3
2024-06-06,Beachwalk Area,3,Weekday,0,0,Stormy,45.1,None,1128,Peak Tourist Season,21,1314.7,956.0
2024-06-06,Main Beach Gate,3,Weekday,0,0,Stormy,45.1,None,2038,Peak Tourist Season,20,597.9,632.8
2024-06-06,Food Vendor Area,3,Weekday,0,0,Stormy,45.1,None,1166,Peak Tourist Season,29,838.7,820.8
2024-06-06,Parking Area,3,Weekday,0,0,Stormy,45.1,Music Concert,3192,Peak Tourist Season,10,506.9,1303.1
2024-06-06,Hotel Front Area,3,Weekday,0,0,Stormy,45.1,None,1916,Peak Tourist Season,20,618.8,576.3
2024-06-06,Event Area,3,Weekday,0,0,Stormy,45.1,None,2444,Peak Tourist Season,13,1071.9,1029.8
2024-06-06,Legian-side Beach Zone,3,Weekday,0,0,Stormy,45.1,None,1375,Peak Tourist Season,29,508.3,608.2
2024-06-07,Beachwalk Area,4,Public Holiday,0,1,Sunny,0.0,None,4857,Peak Tourist Season,14,956.0,1233.4
2024-06-07,Main Beach Gate,4,Public Holiday,0,1,Sunny,0.0,None,2988,Peak Tourist Season,17,632.8,820.9
2024-06-07,Food Vendor Area,4,Public Holiday,0,1,Sunny,0.0,None,1770,Peak Tourist Season,25,820.8,899.7
2024-06-07,Parking Area,4,Public Holiday,0,1,Sunny,0.0,None,1968,Peak Tourist Season,19,1303.1,821.0
2024-06-07,Hotel Front Area,4,Public Holiday,0,1,Sunny,0.0,Beach Festival,3697,Peak Tourist Season,11,576.3,1630.7
2024-06-07,Event Area,4,Public Holiday,0,1,Sunny,0.0,None,2637,Peak Tourist Season,10,1029.8,1032.4
2024-06-07,Legian-side Beach Zone,4,Public Holiday,0,1,Sunny,0.0,None,1636,Peak Tourist Season,25,608.2,688.3
2024-06-08,Beachwalk Area,5,Weekend,1,0,Cloudy,1.2,Sports Event,5654,Peak Tourist Season,10,1233.4,1687.6
2024-06-08,Main Beach Gate,5,Weekend,1,0,Cloudy,1.2,None,1376,Peak Tourist Season,12,820.9,731.3
2024-06-08,Food Vendor Area,5,Weekend,1,0,Cloudy,1.2,None,2420,Peak Tourist Season,16,899.7,991.1
2024-06-08,Parking Area,5,Weekend,1,0,Cloudy,1.2,Music Concert,5229,Peak Tourist Season,11,821.0,1647.5
2024-06-08,Hotel Front Area,5,Weekend,1,0,Cloudy,1.2,None,2961,Peak Tourist Season,8,1630.7,994.5
2024-06-08,Event Area,5,Weekend,1,0,Cloudy,1.2,None,3481,Peak Tourist Season,20,1032.4,1005.1
2024-06-08,Legian-side Beach Zone,5,Weekend,1,0,Cloudy,1.2,None,3233,Peak Tourist Season,29,688.3,694.4
2024-06-09,Beachwalk Area,6,Weekend,1,0,Sunny,0.0,None,4304,Peak Tourist Season,17,1687.6,1226.6
2024-06-09,Main Beach Gate,6,Weekend,1,0,Sunny,0.0,None,3188,Peak Tourist Season,14,731.3,986.8
2024-06-09,Food Vendor Area,6,Weekend,1,0,Sunny,0.0,Market Day,5330,Peak Tourist Season,28,991.1,1322.9
2024-06-09,Parking Area,6,Weekend,1,0,Sunny,0.0,None,1262,Peak Tourist Season,29,1647.5,791.7
2024-06-09,Hotel Front Area,6,Weekend,1,0,Sunny,0.0,None,1587,Peak Tourist Season,12,994.5,919.4
2024-06-09,Event Area,6,Weekend,1,0,Sunny,0.0,None,4422,Peak Tourist Season,18,1005.1,1157.9
2024-06-09,Legian-side Beach Zone,6,Weekend,1,0,Sunny,0.0,None,2184,Peak Tourist Season,9,694.4,786.8
2024-06-10,Beachwalk Area,0,Weekday,0,0,Cloudy,1.7,None,2587,Peak Tourist Season,28,1226.6,885.0
2024-06-10,Main Beach Gate,0,Weekday,0,0,Cloudy,1.7,None,2235,Peak Tourist Season,26,986.8,767.6
2024-06-10,Food Vendor Area,0,Weekday,0,0,Cloudy,1.7,None,1228,Peak Tourist Season,29,1322.9,752.1
2024-06-10,Parking Area,0,Weekday,0,0,Cloudy,1.7,None,2377,Peak Tourist Season,28,791.7,584.0
2024-06-10,Hotel Front Area,0,Weekday,0,0,Cloudy,1.7,None,1689,Peak Tourist Season,22,919.4,677.2
2024-06-10,Event Area,0,Weekday,0,0,Cloudy,1.7,Music Concert,6785,Peak Tourist Season,22,1157.9,1953.3
2024-06-10,Legian-side Beach Zone,0,Weekday,0,0,Cloudy,1.7,None,2117,Peak Tourist Season,20,786.8,688.9
2024-06-11,Beachwalk Area,1,Weekday,0,0,Rainy,10.4,None,1363,Peak Tourist Season,11,885.0,769.2
2024-06-11,Main Beach Gate,1,Weekday,0,0,Rainy,10.4,Market Day,4798,Peak Tourist Season,21,767.6,1211.5
2024-06-11,Food Vendor Area,1,Weekday,0,0,Rainy,10.4,Cultural Ceremony,5401,Peak Tourist Season,24,752.1,1328.6
2024-06-11,Parking Area,1,Weekday,0,0,Rainy,10.4,Music Concert,4756,Peak Tourist Season,24,584.0,1049.2
2024-06-11,Hotel Front Area,1,Weekday,0,0,Rainy,10.4,None,2288,Peak Tourist Season,21,677.2,649.2
2024-06-11,Event Area,1,Weekday,0,0,Rainy,10.4,Beach Festival,2975,Peak Tourist Season,12,1953.3,2520.7
2024-06-11,Legian-side Beach Zone,1,Weekday,0,0,Rainy,10.4,None,1964,Peak Tourist Season,18,688.9,630.7
2024-06-12,Beachwalk Area,2,Weekday,0,0,Sunny,0.0,Beach Festival,5742,Peak Tourist Season,22,769.2,1522.3
2024-06-12,Main Beach Gate,2,Weekday,0,0,Sunny,0.0,None,1531,Peak Tourist Season,8,1211.5,712.0
2024-06-12,Food Vendor Area,2,Weekday,0,0,Sunny,0.0,None,1122,Peak Tourist Season,15,1328.6,878.5
2024-06-12,Parking Area,2,Weekday,0,0,Sunny,0.0,None,2310,Peak Tourist Season,20,1049.2,603.7
2024-06-12,Hotel Front Area,2,Weekday,0,0,Sunny,0.0,None,1941,Peak Tourist Season,25,649.2,629.8
2024-06-12,Event Area,2,Weekday,0,0,Sunny,0.0,None,2256,Peak Tourist Season,25,2520.7,1239.6
2024-06-12,Legian-side Beach Zone,2,Weekday,0,0,Sunny,0.0,None,1772,Peak Tourist Season,25,630.7,571.8
2024-06-13,Beachwalk Area,3,Weekday,0,0,Cloudy,1.7,None,1871,Peak Tourist Season,21,1522.3,1113.8
2024-06-13,Main Beach Gate,3,Weekday,0,0,Cloudy,1.7,None,1032,Peak Tourist Season,8,712.0,648.8
2024-06-13,Food Vendor Area,3,Weekday,0,0,Cloudy,1.7,None,2486,Peak Tourist Season,29,878.5,696.1
2024-06-13,Parking Area,3,Weekday,0,0,Cloudy,1.7,None,1498,Peak Tourist Season,8,603.7,585.5
2024-06-13,Hotel Front Area,3,Weekday,0,0,Cloudy,1.7,None,1052,Peak Tourist Season,24,629.8,624.4
2024-06-13,Event Area,3,Weekday,0,0,Cloudy,1.7,None,1296,Peak Tourist Season,10,1239.6,936.8
2024-06-13,Legian-side Beach Zone,3,Weekday,0,0,Cloudy,1.7,None,2461,Peak Tourist Season,29,571.8,478.3
2024-06-14,Beachwalk Area,4,Weekday,0,0,Cloudy,1.5,None,2294,Peak Tourist Season,19,1113.8,926.7
2024-06-14,Main Beach Gate,4,Weekday,0,0,Cloudy,1.5,None,1593,Peak Tourist Season,15,648.8,552.0
2024-06-14,Food Vendor Area,4,Weekday,0,0,Cloudy,1.5,None,2469,Peak Tourist Season,26,696.1,747.2
2024-06-14,Parking Area,4,Weekday,0,0,Cloudy,1.5,None,1718,Peak Tourist Season,20,585.5,514.8
2024-06-14,Hotel Front Area,4,Weekday,0,0,Cloudy,1.5,None,2048,Peak Tourist Season,28,624.4,568.7
2024-06-14,Event Area,4,Weekday,0,0,Cloudy,1.5,None,2256,Peak Tourist Season,19,936.8,758.1
2024-06-14,Legian-side Beach Zone,4,Weekday,0,0,Cloudy,1.5,None,1479,Peak Tourist Season,26,478.3,475.7
2024-06-15,Beachwalk Area,5,Weekend,1,0,Cloudy,1.1,None,2635,Peak Tourist Season,28,926.7,980.9
2024-06-15,Main Beach Gate,5,Weekend,1,0,Cloudy,1.1,None,2486,Peak Tourist Season,15,552.0,755.5
2024-06-15,Food Vendor Area,5,Weekend,1,0,Cloudy,1.1,None,1484,Peak Tourist Season,27,747.2,772.3
2024-06-15,Parking Area,5,Weekend,1,0,Cloudy,1.1,None,2891,Peak Tourist Season,16,514.8,537.8
2024-06-15,Hotel Front Area,5,Weekend,1,0,Cloudy,1.1,None,1424,Peak Tourist Season,13,568.7,771.3
2024-06-15,Event Area,5,Weekend,1,0,Cloudy,1.1,Market Day,7200,Peak Tourist Season,15,758.1,1275.7
2024-06-15,Legian-side Beach Zone,5,Weekend,1,0,Cloudy,1.1,None,2662,Peak Tourist Season,26,475.7,645.5
2024-06-16,Beachwalk Area,6,Weekend,1,0,Cloudy,0.8,None,2731,Peak Tourist Season,8,980.9,953.2
2024-06-16,Main Beach Gate,6,Weekend,1,0,Cloudy,0.8,Sports Event,5261,Peak Tourist Season,23,755.5,1405.5
2024-06-16,Food Vendor Area,6,Weekend,1,0,Cloudy,0.8,None,1978,Peak Tourist Season,23,772.3,800.1
2024-06-16,Parking Area,6,Weekend,1,0,Cloudy,0.8,None,2424,Peak Tourist Season,26,537.8,529.7
2024-06-16,Hotel Front Area,6,Weekend,1,0,Cloudy,0.8,None,2172,Peak Tourist Season,25,771.3,678.8
2024-06-16,Event Area,6,Weekend,1,0,Cloudy,0.8,None,4492,Peak Tourist Season,28,1275.7,1112.5
2024-06-16,Legian-side Beach Zone,6,Weekend,1,0,Cloudy,0.8,None,1101,Peak Tourist Season,18,645.5,553.9
2024-06-17,Beachwalk Area,0,Weekday,0,0,Sunny,0.0,None,2177,Peak Tourist Season,25,953.2,762.6
2024-06-17,Main Beach Gate,0,Weekday,0,0,Sunny,0.0,None,2152,Peak Tourist Season,22,1405.5,834.0
2024-06-17,Food Vendor Area,0,Weekday,0,0,Sunny,0.0,None,1420,Peak Tourist Season,16,800.1,670.5
2024-06-17,Parking Area,0,Weekday,0,0,Sunny,0.0,None,942,Peak Tourist Season,10,529.7,502.6
2024-06-17,Hotel Front Area,0,Weekday,0,0,Sunny,0.0,None,2084,Peak Tourist Season,27,678.8,645.4
2024-06-17,Event Area,0,Weekday,0,0,Sunny,0.0,None,3399,Peak Tourist Season,20,1112.5,781.2
2024-06-17,Legian-side Beach Zone,0,Weekday,0,0,Sunny,0.0,None,2012,Peak Tourist Season,16,553.9,594.8
2024-06-18,Beachwalk Area,1,Weekday,0,0,Sunny,0.0,None,1847,Peak Tourist Season,28,762.6,637.5
2024-06-18,Main Beach Gate,1,Weekday,0,0,Sunny,0.0,None,2121,Peak Tourist Season,20,834.0,630.7
2024-06-18,Food Vendor Area,1,Weekday,0,0,Sunny,0.0,None,1348,Peak Tourist Season,17,670.5,757.3
2024-06-18,Parking Area,1,Weekday,0,0,Sunny,0.0,Cultural Ceremony,2343,Peak Tourist Season,15,502.6,781.6
2024-06-18,Hotel Front Area,1,Weekday,0,0,Sunny,0.0,None,2492,Peak Tourist Season,21,645.4,569.2
2024-06-18,Event Area,1,Weekday,0,0,Sunny,0.0,None,2147,Peak Tourist Season,25,781.2,740.6
2024-06-18,Legian-side Beach Zone,1,Weekday,0,0,Sunny,0.0,Market Day,4814,Peak Tourist Season,14,594.8,906.4
2024-06-19,Beachwalk Area,2,Weekday,0,0,Cloudy,0.7,None,3374,Peak Tourist Season,29,637.5,710.2
2024-06-19,Main Beach Gate,2,Weekday,0,0,Cloudy,0.7,None,1755,Peak Tourist Season,26,630.7,624.6
2024-06-19,Food Vendor Area,2,Weekday,0,0,Cloudy,0.7,None,1183,Peak Tourist Season,16,757.3,668.7
2024-06-19,Parking Area,2,Weekday,0,0,Cloudy,0.7,None,1750,Peak Tourist Season,10,781.6,654.6
2024-06-19,Hotel Front Area,2,Weekday,0,0,Cloudy,0.7,None,1669,Peak Tourist Season,11,569.2,563.1
2024-06-19,Event Area,2,Weekday,0,0,Cloudy,0.7,None,2753,Peak Tourist Season,22,740.6,729.7
2024-06-19,Legian-side Beach Zone,2,Weekday,0,0,Cloudy,0.7,None,2415,Peak Tourist Season,27,906.4,647.5
2024-06-20,Beachwalk Area,3,Weekday,0,0,Sunny,0.0,None,2562,Peak Tourist Season,17,710.2,812.6
2024-06-20,Main Beach Gate,3,Weekday,0,0,Sunny,0.0,None,1713,Peak Tourist Season,13,624.6,696.5
2024-06-20,Food Vendor Area,3,Weekday,0,0,Sunny,0.0,None,1485,Peak Tourist Season,18,668.7,679.2
2024-06-20,Parking Area,3,Weekday,0,0,Sunny,0.0,None,2305,Peak Tourist Season,10,654.6,515.6
2024-06-20,Hotel Front Area,3,Weekday,0,0,Sunny,0.0,Music Concert,3841,Peak Tourist Season,29,563.1,1259.2
2024-06-20,Event Area,3,Weekday,0,0,Sunny,0.0,None,3011,Peak Tourist Season,26,729.7,893.3
2024-06-20,Legian-side Beach Zone,3,Weekday,0,0,Sunny,0.0,None,1882,Peak Tourist Season,14,647.5,529.3
2024-06-21,Beachwalk Area,4,Weekday,0,0,Cloudy,1.5,None,2109,Peak Tourist Season,10,812.6,916.7
2024-06-21,Main Beach Gate,4,Weekday,0,0,Cloudy,1.5,None,1415,Peak Tourist Season,14,696.5,717.2
2024-06-21,Food Vendor Area,4,Weekday,0,0,Cloudy,1.5,None,2053,Peak Tourist Season,14,679.2,718.3
2024-06-21,Parking Area,4,Weekday,0,0,Cloudy,1.5,None,1642,Peak Tourist Season,17,515.6,484.8
2024-06-21,Hotel Front Area,4,Weekday,0,0,Cloudy,1.5,None,2307,Peak Tourist Season,12,1259.2,812.8
2024-06-21,Event Area,4,Weekday,0,0,Cloudy,1.5,None,3157,Peak Tourist Season,12,893.3,1027.8
2024-06-21,Legian-side Beach Zone,4,Weekday,0,0,Cloudy,1.5,None,2269,Peak Tourist Season,10,529.3,628.8
2024-06-22,Beachwalk Area,5,Weekend,1,0,Cloudy,1.4,None,3077,Peak Tourist Season,27,916.7,857.3
2024-06-22,Main Beach Gate,5,Weekend,1,0,Cloudy,1.4,None,1972,Peak Tourist Season,25,717.2,663.2
2024-06-22,Food Vendor Area,5,Weekend,1,0,Cloudy,1.4,None,1391,Peak Tourist Season,25,718.3,853.1
2024-06-22,Parking Area,5,Weekend,1,0,Cloudy,1.4,None,1541,Peak Tourist Season,22,484.8,609.9
2024-06-22,Hotel Front Area,5,Weekend,1,0,Cloudy,1.4,Market Day,4081,Peak Tourist Season,24,812.8,955.5
2024-06-22,Event Area,5,Weekend,1,0,Cloudy,1.4,Sports Event,3800,Peak Tourist Season,9,1027.8,1638.0
2024-06-22,Legian-side Beach Zone,5,Weekend,1,0,Cloudy,1.4,None,2033,Peak Tourist Season,13,628.8,606.3
2024-06-23,Beachwalk Area,6,Weekend,1,0,Sunny,0.0,None,3967,Peak Tourist Season,21,857.3,1083.6
2024-06-23,Main Beach Gate,6,Weekend,1,0,Sunny,0.0,None,1480,Peak Tourist Season,28,663.2,718.5
2024-06-23,Food Vendor Area,6,Weekend,1,0,Sunny,0.0,None,3000,Peak Tourist Season,23,853.1,999.2
2024-06-23,Parking Area,6,Weekend,1,0,Sunny,0.0,None,2259,Peak Tourist Season,24,609.9,565.7
2024-06-23,Hotel Front Area,6,Weekend,1,0,Sunny,0.0,Sports Event,3919,Peak Tourist Season,13,955.5,1274.4
2024-06-23,Event Area,6,Weekend,1,0,Sunny,0.0,None,3442,Peak Tourist Season,27,1638.0,1036.5
2024-06-23,Legian-side Beach Zone,6,Weekend,1,0,Sunny,0.0,None,2584,Peak Tourist Season,15,606.3,655.0
2024-06-24,Beachwalk Area,0,Weekday,0,0,Rainy,7.1,None,3031,Peak Tourist Season,29,1083.6,1016.9
2024-06-24,Main Beach Gate,0,Weekday,0,0,Rainy,7.1,None,2245,Peak Tourist Season,21,718.5,798.2
2024-06-24,Food Vendor Area,0,Weekday,0,0,Rainy,7.1,None,1694,Peak Tourist Season,8,999.2,957.7
2024-06-24,Parking Area,0,Weekday,0,0,Rainy,7.1,None,924,Peak Tourist Season,25,565.7,449.9
2024-06-24,Hotel Front Area,0,Weekday,0,0,Rainy,7.1,None,960,Peak Tourist Season,17,1274.4,697.6
2024-06-24,Event Area,0,Weekday,0,0,Rainy,7.1,Cultural Ceremony,7628,Peak Tourist Season,24,1036.5,1476.0
2024-06-24,Legian-side Beach Zone,0,Weekday,0,0,Rainy,7.1,None,1772,Peak Tourist Season,24,655.0,595.1
2024-06-25,Beachwalk Area,1,Weekday,0,0,Cloudy,1.0,None,2405,Peak Tourist Season,29,1016.9,717.1
2024-06-25,Main Beach Gate,1,Weekday,0,0,Cloudy,1.0,None,1625,Peak Tourist Season,11,798.2,814.0
2024-06-25,Food Vendor Area,1,Weekday,0,0,Cloudy,1.0,None,2441,Peak Tourist Season,14,957.7,903.1
2024-06-25,Parking Area,1,Weekday,0,0,Cloudy,1.0,None,992,Peak Tourist Season,11,449.9,541.2
2024-06-25,Hotel Front Area,1,Weekday,0,0,Cloudy,1.0,None,1162,Peak Tourist Season,28,697.6,578.2
2024-06-25,Event Area,1,Weekday,0,0,Cloudy,1.0,None,3155,Peak Tourist Season,19,1476.0,1154.0
2024-06-25,Legian-side Beach Zone,1,Weekday,0,0,Cloudy,1.0,None,2021,Peak Tourist Season,27,595.1,600.3
2024-06-26,Beachwalk Area,2,Weekday,0,0,Sunny,0.0,None,1456,Peak Tourist Season,24,717.1,667.8
2024-06-26,Main Beach Gate,2,Weekday,0,0,Sunny,0.0,Music Concert,3660,Peak Tourist Season,10,814.0,1472.7
2024-06-26,Food Vendor Area,2,Weekday,0,0,Sunny,0.0,None,1258,Peak Tourist Season,27,903.1,809.9
2024-06-26,Parking Area,2,Weekday,0,0,Sunny,0.0,None,1353,Peak Tourist Season,9,541.2,561.4
2024-06-26,Hotel Front Area,2,Weekday,0,0,Sunny,0.0,None,1201,Peak Tourist Season,24,578.2,507.6
2024-06-26,Event Area,2,Weekday,0,0,Sunny,0.0,None,2842,Peak Tourist Season,21,1154.0,1024.4
2024-06-26,Legian-side Beach Zone,2,Weekday,0,0,Sunny,0.0,None,1368,Peak Tourist Season,19,600.3,454.7
2024-06-27,Beachwalk Area,3,Weekday,0,0,Cloudy,0.1,None,2112,Peak Tourist Season,12,667.8,704.2
2024-06-27,Main Beach Gate,3,Weekday,0,0,Cloudy,0.1,None,1588,Peak Tourist Season,28,1472.7,774.4
2024-06-27,Food Vendor Area,3,Weekday,0,0,Cloudy,0.1,None,1877,Peak Tourist Season,15,809.9,666.8
2024-06-27,Parking Area,3,Weekday,0,0,Cloudy,0.1,None,2435,Peak Tourist Season,17,561.4,512.7
2024-06-27,Hotel Front Area,3,Weekday,0,0,Cloudy,0.1,Music Concert,3309,Peak Tourist Season,28,507.6,1094.4
2024-06-27,Event Area,3,Weekday,0,0,Cloudy,0.1,Market Day,3947,Peak Tourist Season,23,1024.4,1073.0
2024-06-27,Legian-side Beach Zone,3,Weekday,0,0,Cloudy,0.1,None,1833,Peak Tourist Season,25,454.7,471.1
2024-06-28,Beachwalk Area,4,Weekday,0,0,Sunny,0.0,None,2238,Peak Tourist Season,16,704.2,774.9
2024-06-28,Main Beach Gate,4,Weekday,0,0,Sunny,0.0,None,1300,Peak Tourist Season,13,774.4,754.3
2024-06-28,Food Vendor Area,4,Weekday,0,0,Sunny,0.0,None,1920,Peak Tourist Season,20,666.8,782.0
2024-06-28,Parking Area,4,Weekday,0,0,Sunny,0.0,None,1593,Peak Tourist Season,8,512.7,438.2
2024-06-28,Hotel Front Area,4,Weekday,0,0,Sunny,0.0,None,1503,Peak Tourist Season,12,1094.4,658.1
2024-06-28,Event Area,4,Weekday,0,0,Sunny,0.0,None,3404,Peak Tourist Season,23,1073.0,1031.4
2024-06-28,Legian-side Beach Zone,4,Weekday,0,0,Sunny,0.0,None,2157,Peak Tourist Season,10,471.1,571.2
2024-06-29,Beachwalk Area,5,Weekend,1,0,Sunny,0.0,Beach Festival,6510,Peak Tourist Season,10,774.9,2315.9
2024-06-29,Main Beach Gate,5,Weekend,1,0,Sunny,0.0,None,2425,Peak Tourist Season,14,754.3,928.2
2024-06-29,Food Vendor Area,5,Weekend,1,0,Sunny,0.0,None,2603,Peak Tourist Season,13,782.0,895.0
2024-06-29,Parking Area,5,Weekend,1,0,Sunny,0.0,Cultural Ceremony,4418,Peak Tourist Season,24,438.2,882.6
2024-06-29,Hotel Front Area,5,Weekend,1,0,Sunny,0.0,None,1111,Peak Tourist Season,23,658.1,697.6
2024-06-29,Event Area,5,Weekend,1,0,Sunny,0.0,Music Concert,3357,Peak Tourist Season,21,1031.4,2162.4
2024-06-29,Legian-side Beach Zone,5,Weekend,1,0,Sunny,0.0,None,1869,Peak Tourist Season,11,571.2,679.3
2024-06-30,Beachwalk Area,6,Weekend,1,0,Sunny,0.0,Sports Event,9305,Peak Tourist Season,8,2315.9,2560.4
2024-06-30,Main Beach Gate,6,Weekend,1,0,Sunny,0.0,None,1267,Peak Tourist Season,18,928.2,711.6
2024-06-30,Food Vendor Area,6,Weekend,1,0,Sunny,0.0,None,1485,Peak Tourist Season,15,895.0,799.2
2024-06-30,Parking Area,6,Weekend,1,0,Sunny,0.0,None,1985,Peak Tourist Season,12,882.6,798.1
2024-06-30,Hotel Front Area,6,Weekend,1,0,Sunny,0.0,None,2783,Peak Tourist Season,16,697.6,680.9
2024-06-30,Event Area,6,Weekend,1,0,Sunny,0.0,Cultural Ceremony,4417,Peak Tourist Season,18,2162.4,1762.3
2024-06-30,Legian-side Beach Zone,6,Weekend,1,0,Sunny,0.0,None,2241,Peak Tourist Season,17,679.3,679.1
2024-07-01,Beachwalk Area,0,Weekday,0,0,Sunny,0.0,None,1260,Peak Tourist Season,20,2560.4,1207.9
2024-07-01,Main Beach Gate,0,Weekday,0,0,Sunny,0.0,None,2256,Peak Tourist Season,11,711.6,797.3
2024-07-01,Food Vendor Area,0,Weekday,0,0,Sunny,0.0,None,1358,Peak Tourist Season,18,799.2,617.6
2024-07-01,Parking Area,0,Weekday,0,0,Sunny,0.0,None,954,Peak Tourist Season,22,798.1,498.2
2024-07-01,Hotel Front Area,0,Weekday,0,0,Sunny,0.0,None,1657,Peak Tourist Season,27,680.9,578.1
2024-07-01,Event Area,0,Weekday,0,0,Sunny,0.0,None,1247,Peak Tourist Season,24,1762.3,1034.0
2024-07-01,Legian-side Beach Zone,0,Weekday,0,0,Sunny,0.0,None,1249,Peak Tourist Season,8,679.1,658.3
2024-07-02,Beachwalk Area,1,Weekday,0,0,Cloudy,1.5,None,2282,Peak Tourist Season,10,1207.9,929.2
2024-07-02,Main Beach Gate,1,Weekday,0,0,Cloudy,1.5,None,2178,Peak Tourist Season,15,797.3,741.4
2024-07-02,Food Vendor Area,1,Weekday,0,0,Cloudy,1.5,None,1869,Peak Tourist Season,21,617.6,680.8
2024-07-02,Parking Area,1,Weekday,0,0,Cloudy,1.5,Beach Festival,2067,Peak Tourist Season,29,498.2,950.8
2024-07-02,Hotel Front Area,1,Weekday,0,0,Cloudy,1.5,None,1980,Peak Tourist Season,14,578.1,570.8
2024-07-02,Event Area,1,Weekday,0,0,Cloudy,1.5,None,3022,Peak Tourist Season,14,1034.0,1006.5
2024-07-02,Legian-side Beach Zone,1,Weekday,0,0,Cloudy,1.5,None,889,Peak Tourist Season,21,658.3,502.4
2024-07-03,Beachwalk Area,2,Weekday,0,0,Cloudy,1.0,None,3162,Peak Tourist Season,11,929.2,947.2
2024-07-03,Main Beach Gate,2,Weekday,0,0,Cloudy,1.0,None,1197,Peak Tourist Season,19,741.4,634.1
2024-07-03,Food Vendor Area,2,Weekday,0,0,Cloudy,1.0,None,1355,Peak Tourist Season,8,680.8,769.7
2024-07-03,Parking Area,2,Weekday,0,0,Cloudy,1.0,None,1409,Peak Tourist Season,19,950.8,534.2
2024-07-03,Hotel Front Area,2,Weekday,0,0,Cloudy,1.0,None,1795,Peak Tourist Season,15,570.8,474.7
2024-07-03,Event Area,2,Weekday,0,0,Cloudy,1.0,None,2662,Peak Tourist Season,20,1006.5,904.1
2024-07-03,Legian-side Beach Zone,2,Weekday,0,0,Cloudy,1.0,None,2203,Peak Tourist Season,9,502.4,502.5
2024-07-04,Beachwalk Area,3,Weekday,0,0,Cloudy,1.2,None,3003,Peak Tourist Season,11,947.2,868.8
2024-07-04,Main Beach Gate,3,Weekday,0,0,Cloudy,1.2,None,2379,Peak Tourist Season,21,634.1,555.1
2024-07-04,Food Vendor Area,3,Weekday,0,0,Cloudy,1.2,None,1077,Peak Tourist Season,25,769.7,660.7
2024-07-04,Parking Area,3,Weekday,0,0,Cloudy,1.2,None,2196,Peak Tourist Season,26,534.2,451.9
2024-07-04,Hotel Front Area,3,Weekday,0,0,Cloudy,1.2,None,1842,Peak Tourist Season,13,474.7,512.0
2024-07-04,Event Area,3,Weekday,0,0,Cloudy,1.2,None,1618,Peak Tourist Season,23,904.1,769.0
2024-07-04,Legian-side Beach Zone,3,Weekday,0,0,Cloudy,1.2,None,942,Peak Tourist Season,10,502.5,471.8
2024-07-05,Beachwalk Area,4,Weekday,0,0,Cloudy,1.1,None,1248,Peak Tourist Season,13,868.8,745.8
2024-07-05,Main Beach Gate,4,Weekday,0,0,Cloudy,1.1,Market Day,3476,Peak Tourist Season,15,555.1,986.1
2024-07-05,Food Vendor Area,4,Weekday,0,0,Cloudy,1.1,None,1430,Peak Tourist Season,21,660.7,625.8
2024-07-05,Parking Area,4,Weekday,0,0,Cloudy,1.1,None,1163,Peak Tourist Season,21,451.9,450.4
2024-07-05,Hotel Front Area,4,Weekday,0,0,Cloudy,1.1,None,2480,Peak Tourist Season,10,512.0,556.0
2024-07-05,Event Area,4,Weekday,0,0,Cloudy,1.1,None,2210,Peak Tourist Season,14,769.0,858.7
2024-07-05,Legian-side Beach Zone,4,Weekday,0,0,Cloudy,1.1,None,905,Peak Tourist Season,28,471.8,497.2
2024-07-06,Beachwalk Area,5,Weekend,1,0,Stormy,49.1,None,3464,Peak Tourist Season,17,745.8,1112.3
2024-07-06,Main Beach Gate,5,Weekend,1,0,Stormy,49.1,None,1437,Peak Tourist Season,18,986.1,994.7
2024-07-06,Food Vendor Area,5,Weekend,1,0,Stormy,49.1,None,2132,Peak Tourist Season,9,625.8,1040.2
2024-07-06,Parking Area,5,Weekend,1,0,Stormy,49.1,None,2771,Peak Tourist Season,11,450.4,650.7
2024-07-06,Hotel Front Area,5,Weekend,1,0,Stormy,49.1,None,2380,Peak Tourist Season,11,556.0,726.5
2024-07-06,Event Area,5,Weekend,1,0,Stormy,49.1,None,4274,Peak Tourist Season,23,858.7,1144.3
2024-07-06,Legian-side Beach Zone,5,Weekend,1,0,Stormy,49.1,None,3229,Peak Tourist Season,19,497.2,711.6
2024-07-07,Beachwalk Area,6,Public Holiday,1,1,Rainy,23.5,None,5326,Peak Tourist Season,13,1112.3,1777.1
2024-07-07,Main Beach Gate,6,Public Holiday,1,1,Rainy,23.5,None,1725,Peak Tourist Season,19,994.7,1302.8
2024-07-07,Food Vendor Area,6,Public Holiday,1,1,Rainy,23.5,Beach Festival,8187,Peak Tourist Season,26,1040.2,2537.5
2024-07-07,Parking Area,6,Public Holiday,1,1,Rainy,23.5,None,4038,Peak Tourist Season,13,650.7,1013.0
2024-07-07,Hotel Front Area,6,Public Holiday,1,1,Rainy,23.5,None,3120,Peak Tourist Season,25,726.5,890.5
2024-07-07,Event Area,6,Public Holiday,1,1,Rainy,23.5,Sports Event,9810,Peak Tourist Season,21,1144.3,2993.3
2024-07-07,Legian-side Beach Zone,6,Public Holiday,1,1,Rainy,23.5,None,1606,Peak Tourist Season,18,711.6,1020.7
2024-07-08,Beachwalk Area,0,Weekday,0,0,Sunny,0.0,None,1598,Peak Tourist Season,14,1777.1,1078.5
2024-07-08,Main Beach Gate,0,Weekday,0,0,Sunny,0.0,None,1329,Peak Tourist Season,22,1302.8,791.7
2024-07-08,Food Vendor Area,0,Weekday,0,0,Sunny,0.0,Music Concert,2563,Peak Tourist Season,29,2537.5,2148.3
2024-07-08,Parking Area,0,Weekday,0,0,Sunny,0.0,None,1383,Peak Tourist Season,19,1013.0,570.2
2024-07-08,Hotel Front Area,0,Weekday,0,0,Sunny,0.0,None,976,Peak Tourist Season,18,890.5,694.4
2024-07-08,Event Area,0,Weekday,0,0,Sunny,0.0,None,2777,Peak Tourist Season,22,2993.3,1366.5
2024-07-08,Legian-side Beach Zone,0,Weekday,0,0,Sunny,0.0,None,1865,Peak Tourist Season,26,1020.7,707.4
2024-07-09,Beachwalk Area,1,Weekday,0,0,Sunny,0.0,None,2903,Peak Tourist Season,29,1078.5,785.8
2024-07-09,Main Beach Gate,1,Weekday,0,0,Sunny,0.0,None,1345,Peak Tourist Season,28,791.7,581.5
2024-07-09,Food Vendor Area,1,Weekday,0,0,Sunny,0.0,None,911,Peak Tourist Season,12,2148.3,1036.1
2024-07-09,Parking Area,1,Weekday,0,0,Sunny,0.0,Music Concert,4896,Peak Tourist Season,19,570.2,1215.6
2024-07-09,Hotel Front Area,1,Weekday,0,0,Sunny,0.0,None,1393,Peak Tourist Season,20,694.4,639.9
2024-07-09,Event Area,1,Weekday,0,0,Sunny,0.0,None,2013,Peak Tourist Season,12,1366.5,975.1
2024-07-09,Legian-side Beach Zone,1,Weekday,0,0,Sunny,0.0,None,2027,Peak Tourist Season,23,707.4,499.5
2024-07-10,Beachwalk Area,2,Weekday,0,0,Cloudy,1.6,None,3108,Peak Tourist Season,12,785.8,767.1
2024-07-10,Main Beach Gate,2,Weekday,0,0,Cloudy,1.6,None,1992,Peak Tourist Season,28,581.5,578.0
2024-07-10,Food Vendor Area,2,Weekday,0,0,Cloudy,1.6,None,1559,Peak Tourist Season,14,1036.1,902.5
2024-07-10,Parking Area,2,Weekday,0,0,Cloudy,1.6,None,1054,Peak Tourist Season,22,1215.6,608.6
2024-07-10,Hotel Front Area,2,Weekday,0,0,Cloudy,1.6,None,1376,Peak Tourist Season,11,639.9,548.3
2024-07-10,Event Area,2,Weekday,0,0,Cloudy,1.6,None,1708,Peak Tourist Season,28,975.1,819.6
2024-07-10,Legian-side Beach Zone,2,Weekday,0,0,Cloudy,1.6,None,1018,Peak Tourist Season,14,499.5,479.9
2024-07-11,Beachwalk Area,3,Weekday,0,0,Sunny,0.0,None,1383,Peak Tourist Season,11,767.1,870.0
2024-07-11,Main Beach Gate,3,Weekday,0,0,Sunny,0.0,None,1673,Peak Tourist Season,19,578.0,592.5
2024-07-11,Food Vendor Area,3,Weekday,0,0,Sunny,0.0,None,1807,Peak Tourist Season,8,902.5,704.5
2024-07-11,Parking Area,3,Weekday,0,0,Sunny,0.0,None,1749,Peak Tourist Season,27,608.6,491.4
2024-07-11,Hotel Front Area,3,Weekday,0,0,Sunny,0.0,None,996,Peak Tourist Season,9,548.3,632.0
2024-07-11,Event Area,3,Weekday,0,0,Sunny,0.0,None,1983,Peak Tourist Season,20,819.6,829.7
2024-07-11,Legian-side Beach Zone,3,Weekday,0,0,Sunny,0.0,None,1865,Peak Tourist Season,13,479.9,507.7
2024-07-12,Beachwalk Area,4,Weekday,0,0,Sunny,0.0,None,2832,Peak Tourist Season,12,870.0,973.6
2024-07-12,Main Beach Gate,4,Weekday,0,0,Sunny,0.0,None,1176,Peak Tourist Season,22,592.5,636.1
2024-07-12,Food Vendor Area,4,Weekday,0,0,Sunny,0.0,Music Concert,1748,Peak Tourist Season,19,704.5,1684.4
2024-07-12,Parking Area,4,Weekday,0,0,Sunny,0.0,None,1647,Peak Tourist Season,15,491.4,447.9
2024-07-12,Hotel Front Area,4,Weekday,0,0,Sunny,0.0,None,2433,Peak Tourist Season,11,632.0,649.8
2024-07-12,Event Area,4,Weekday,0,0,Sunny,0.0,None,2984,Peak Tourist Season,25,829.7,876.3
2024-07-12,Legian-side Beach Zone,4,Weekday,0,0,Sunny,0.0,None,2456,Peak Tourist Season,9,507.7,613.5
2024-07-13,Beachwalk Area,5,Weekend,1,0,Sunny,0.0,None,2234,Peak Tourist Season,25,973.6,1035.1
2024-07-13,Main Beach Gate,5,Weekend,1,0,Sunny,0.0,None,1803,Peak Tourist Season,27,636.1,694.3
2024-07-13,Food Vendor Area,5,Weekend,1,0,Sunny,0.0,None,2587,Peak Tourist Season,24,1684.4,1107.7
2024-07-13,Parking Area,5,Weekend,1,0,Sunny,0.0,Music Concert,5630,Peak Tourist Season,24,447.9,1238.5
2024-07-13,Hotel Front Area,5,Weekend,1,0,Sunny,0.0,None,2541,Peak Tourist Season,24,649.8,648.6
2024-07-13,Event Area,5,Weekend,1,0,Sunny,0.0,None,1844,Peak Tourist Season,9,876.3,1149.2
2024-07-13,Legian-side Beach Zone,5,Weekend,1,0,Sunny,0.0,Music Concert,7452,Peak Tourist Season,24,613.5,1625.7
2024-07-14,Beachwalk Area,6,Weekend,1,0,Cloudy,1.6,None,4140,Peak Tourist Season,23,1035.1,1025.7
2024-07-14,Main Beach Gate,6,Weekend,1,0,Cloudy,1.6,None,2915,Peak Tourist Season,10,694.3,892.9
2024-07-14,Food Vendor Area,6,Weekend,1,0,Cloudy,1.6,Beach Festival,3996,Peak Tourist Season,24,1107.7,1642.2
2024-07-14,Parking Area,6,Weekend,1,0,Cloudy,1.6,Sports Event,4135,Peak Tourist Season,29,1238.5,1229.0
2024-07-14,Hotel Front Area,6,Weekend,1,0,Cloudy,1.6,Sports Event,3471,Peak Tourist Season,22,648.6,1151.1
2024-07-14,Event Area,6,Weekend,1,0,Cloudy,1.6,None,2186,Peak Tourist Season,20,1149.2,943.3
2024-07-14,Legian-side Beach Zone,6,Weekend,1,0,Cloudy,1.6,Sports Event,6789,Peak Tourist Season,20,1625.7,1351.9
2024-07-15,Beachwalk Area,0,Weekday,0,0,Sunny,0.0,Music Concert,4367,Peak Tourist Season,17,1025.7,1722.7
2024-07-15,Main Beach Gate,0,Weekday,0,0,Sunny,0.0,None,1030,Peak Tourist Season,12,892.9,710.3
2024-07-15,Food Vendor Area,0,Weekday,0,0,Sunny,0.0,None,2267,Peak Tourist Season,26,1642.2,996.1
2024-07-15,Parking Area,0,Weekday,0,0,Sunny,0.0,None,1680,Peak Tourist Season,14,1229.0,754.8
2024-07-15,Hotel Front Area,0,Weekday,0,0,Sunny,0.0,None,848,Peak Tourist Season,16,1151.1,605.0
2024-07-15,Event Area,0,Weekday,0,0,Sunny,0.0,Sports Event,7733,Peak Tourist Season,18,943.3,1258.0
2024-07-15,Legian-side Beach Zone,0,Weekday,0,0,Sunny,0.0,None,2496,Peak Tourist Season,20,1351.9,847.9
2024-07-16,Beachwalk Area,1,Weekday,0,0,Rainy,13.7,None,3081,Peak Tourist Season,19,1722.7,1103.1
2024-07-16,Main Beach Gate,1,Weekday,0,0,Rainy,13.7,None,1696,Peak Tourist Season,14,710.3,712.2
2024-07-16,Food Vendor Area,1,Weekday,0,0,Rainy,13.7,None,926,Peak Tourist Season,23,996.1,940.8
2024-07-16,Parking Area,1,Weekday,0,0,Rainy,13.7,None,1715,Peak Tourist Season,13,754.8,588.3
2024-07-16,Hotel Front Area,1,Weekday,0,0,Rainy,13.7,None,1431,Peak Tourist Season,28,605.0,615.8
2024-07-16,Event Area,1,Weekday,0,0,Rainy,13.7,Market Day,2181,Peak Tourist Season,8,1258.0,1469.8
2024-07-16,Legian-side Beach Zone,1,Weekday,0,0,Rainy,13.7,None,2050,Peak Tourist Season,16,847.9,659.9
2024-07-17,Beachwalk Area,2,Public Holiday,0,1,Cloudy,0.7,Sports Event,7661,Peak Tourist Season,9,1103.1,1937.8
2024-07-17,Main Beach Gate,2,Public Holiday,0,1,Cloudy,0.7,None,3031,Peak Tourist Season,26,712.2,789.8
2024-07-17,Food Vendor Area,2,Public Holiday,0,1,Cloudy,0.7,None,1500,Peak Tourist Season,24,940.8,991.9
2024-07-17,Parking Area,2,Public Holiday,0,1,Cloudy,0.7,None,1954,Peak Tourist Season,14,588.3,693.8
2024-07-17,Hotel Front Area,2,Public Holiday,0,1,Cloudy,0.7,None,1671,Peak Tourist Season,27,615.8,772.2
2024-07-17,Event Area,2,Public Holiday,0,1,Cloudy,0.7,Cultural Ceremony,6311,Peak Tourist Season,26,1469.8,2017.4
2024-07-17,Legian-side Beach Zone,2,Public Holiday,0,1,Cloudy,0.7,None,3294,Peak Tourist Season,29,659.9,749.7
2024-07-18,Beachwalk Area,3,Weekday,0,0,Sunny,0.0,None,1719,Peak Tourist Season,11,1937.8,1315.6
2024-07-18,Main Beach Gate,3,Weekday,0,0,Sunny,0.0,None,1003,Peak Tourist Season,11,789.8,710.8
2024-07-18,Food Vendor Area,3,Weekday,0,0,Sunny,0.0,None,1106,Peak Tourist Season,21,991.9,717.2
2024-07-18,Parking Area,3,Weekday,0,0,Sunny,0.0,None,1522,Peak Tourist Season,19,693.8,470.0
2024-07-18,Hotel Front Area,3,Weekday,0,0,Sunny,0.0,None,2434,Peak Tourist Season,24,772.2,702.6
2024-07-18,Event Area,3,Weekday,0,0,Sunny,0.0,Beach Festival,2295,Peak Tourist Season,10,2017.4,2065.3
2024-07-18,Legian-side Beach Zone,3,Weekday,0,0,Sunny,0.0,None,1899,Peak Tourist Season,27,749.7,543.5
2024-07-19,Beachwalk Area,4,Weekday,0,0,Sunny,0.0,None,2618,Peak Tourist Season,14,1315.6,993.3
2024-07-19,Main Beach Gate,4,Weekday,0,0,Sunny,0.0,None,1850,Peak Tourist Season,25,710.8,676.8
2024-07-19,Food Vendor Area,4,Weekday,0,0,Sunny,0.0,None,1905,Peak Tourist Season,19,717.2,692.1
2024-07-19,Parking Area,4,Weekday,0,0,Sunny,0.0,None,1985,Peak Tourist Season,14,470.0,489.4
2024-07-19,Hotel Front Area,4,Weekday,0,0,Sunny,0.0,None,1310,Peak Tourist Season,16,702.6,641.3
2024-07-19,Event Area,4,Weekday,0,0,Sunny,0.0,Music Concert,3862,Peak Tourist Season,21,2065.3,1997.6
2024-07-19,Legian-side Beach Zone,4,Weekday,0,0,Sunny,0.0,None,2291,Peak Tourist Season,19,543.5,483.4
2024-07-20,Beachwalk Area,5,Weekend,1,0,Sunny,0.0,None,2939,Peak Tourist Season,27,993.3,909.3
2024-07-20,Main Beach Gate,5,Weekend,1,0,Sunny,0.0,Beach Festival,2337,Peak Tourist Season,19,676.8,1719.6
2024-07-20,Food Vendor Area,5,Weekend,1,0,Sunny,0.0,None,2091,Peak Tourist Season,13,692.1,964.4
2024-07-20,Parking Area,5,Weekend,1,0,Sunny,0.0,None,1623,Peak Tourist Season,17,489.4,557.2
2024-07-20,Hotel Front Area,5,Weekend,1,0,Sunny,0.0,None,1060,Peak Tourist Season,11,641.3,678.6
2024-07-20,Event Area,5,Weekend,1,0,Sunny,0.0,Music Concert,7102,Peak Tourist Season,14,1997.6,2913.1
2024-07-20,Legian-side Beach Zone,5,Weekend,1,0,Sunny,0.0,Market Day,2571,Peak Tourist Season,9,483.4,1036.3
2024-07-21,Beachwalk Area,6,Weekend,1,0,Sunny,0.0,None,4074,Peak Tourist Season,10,909.3,1206.1
2024-07-21,Main Beach Gate,6,Weekend,1,0,Sunny,0.0,None,3101,Peak Tourist Season,10,1719.6,1006.5
2024-07-21,Food Vendor Area,6,Weekend,1,0,Sunny,0.0,None,1892,Peak Tourist Season,14,964.4,898.0
2024-07-21,Parking Area,6,Weekend,1,0,Sunny,0.0,None,2549,Peak Tourist Season,14,557.2,682.6
2024-07-21,Hotel Front Area,6,Weekend,1,0,Sunny,0.0,None,1461,Peak Tourist Season,17,678.6,574.5
2024-07-21,Event Area,6,Weekend,1,0,Sunny,0.0,None,1957,Peak Tourist Season,13,2913.1,1864.3
2024-07-21,Legian-side Beach Zone,6,Weekend,1,0,Sunny,0.0,None,1375,Peak Tourist Season,11,1036.3,739.0
2024-07-22,Beachwalk Area,0,Weekday,0,0,Sunny,0.0,None,3222,Peak Tourist Season,19,1206.1,900.2
2024-07-22,Main Beach Gate,0,Weekday,0,0,Sunny,0.0,None,1613,Peak Tourist Season,21,1006.5,622.7
2024-07-22,Food Vendor Area,0,Weekday,0,0,Sunny,0.0,None,2243,Peak Tourist Season,15,898.0,704.3
2024-07-22,Parking Area,0,Weekday,0,0,Sunny,0.0,None,1569,Peak Tourist Season,20,682.6,511.6
2024-07-22,Hotel Front Area,0,Weekday,0,0,Sunny,0.0,None,970,Peak Tourist Season,29,574.5,499.1
2024-07-22,Event Area,0,Weekday,0,0,Sunny,0.0,None,1436,Peak Tourist Season,19,1864.3,1161.0
2024-07-22,Legian-side Beach Zone,0,Weekday,0,0,Sunny,0.0,None,2374,Peak Tourist Season,20,739.0,549.6
2024-07-23,Beachwalk Area,1,Weekday,0,0,Cloudy,1.2,None,1612,Peak Tourist Season,15,900.2,768.7
2024-07-23,Main Beach Gate,1,Weekday,0,0,Cloudy,1.2,None,2370,Peak Tourist Season,10,622.7,630.0
2024-07-23,Food Vendor Area,1,Weekday,0,0,Cloudy,1.2,None,1638,Peak Tourist Season,28,704.3,706.2
2024-07-23,Parking Area,1,Weekday,0,0,Cloudy,1.2,None,961,Peak Tourist Season,10,511.6,423.4
2024-07-23,Hotel Front Area,1,Weekday,0,0,Cloudy,1.2,None,1638,Peak Tourist Season,20,499.1,495.3
2024-07-23,Event Area,1,Weekday,0,0,Cloudy,1.2,Sports Event,2695,Peak Tourist Season,23,1161.0,1383.9
2024-07-23,Legian-side Beach Zone,1,Weekday,0,0,Cloudy,1.2,None,2480,Peak Tourist Season,20,549.6,605.1
2024-07-24,Beachwalk Area,2,Weekday,0,0,Cloudy,0.2,None,2017,Peak Tourist Season,29,768.7,785.2
2024-07-24,Main Beach Gate,2,Weekday,0,0,Cloudy,0.2,None,1168,Peak Tourist Season,15,630.0,618.7
2024-07-24,Food Vendor Area,2,Weekday,0,0,Cloudy,0.2,None,2449,Peak Tourist Season,22,706.2,660.5
2024-07-24,Parking Area,2,Weekday,0,0,Cloudy,0.2,None,2197,Peak Tourist Season,28,423.4,515.7
2024-07-24,Hotel Front Area,2,Weekday,0,0,Cloudy,0.2,None,1631,Peak Tourist Season,17,495.3,487.0
2024-07-24,Event Area,2,Weekday,0,0,Cloudy,0.2,None,2972,Peak Tourist Season,25,1383.9,900.7
2024-07-24,Legian-side Beach Zone,2,Weekday,0,0,Cloudy,0.2,None,2181,Peak Tourist Season,10,605.1,589.0
2024-07-25,Beachwalk Area,3,Weekday,0,0,Sunny,0.0,None,3201,Peak Tourist Season,12,785.2,885.8
2024-07-25,Main Beach Gate,3,Weekday,0,0,Sunny,0.0,None,2124,Peak Tourist Season,27,618.7,650.1
2024-07-25,Food Vendor Area,3,Weekday,0,0,Sunny,0.0,Cultural Ceremony,2001,Peak Tourist Season,14,660.5,999.5
2024-07-25,Parking Area,3,Weekday,0,0,Sunny,0.0,None,1349,Peak Tourist Season,12,515.7,568.3
2024-07-25,Hotel Front Area,3,Weekday,0,0,Sunny,0.0,None,1023,Peak Tourist Season,23,487.0,446.7
2024-07-25,Event Area,3,Weekday,0,0,Sunny,0.0,None,1607,Peak Tourist Season,29,900.7,835.9
2024-07-25,Legian-side Beach Zone,3,Weekday,0,0,Sunny,0.0,None,1571,Peak Tourist Season,10,589.0,617.9
2024-07-26,Beachwalk Area,4,Weekday,0,0,Cloudy,1.3,None,2836,Peak Tourist Season,8,885.8,954.9
2024-07-26,Main Beach Gate,4,Weekday,0,0,Cloudy,1.3,None,1869,Peak Tourist Season,9,650.1,584.8
2024-07-26,Food Vendor Area,4,Weekday,0,0,Cloudy,1.3,None,1137,Peak Tourist Season,8,999.5,817.4
2024-07-26,Parking Area,4,Weekday,0,0,Cloudy,1.3,None,2235,Peak Tourist Season,14,568.3,586.7
2024-07-26,Hotel Front Area,4,Weekday,0,0,Cloudy,1.3,None,1395,Peak Tourist Season,10,446.7,493.5
2024-07-26,Event Area,4,Weekday,0,0,Cloudy,1.3,Sports Event,6395,Peak Tourist Season,12,835.9,1676.1
2024-07-26,Legian-side Beach Zone,4,Weekday,0,0,Cloudy,1.3,None,1029,Peak Tourist Season,17,617.9,491.8
2024-07-27,Beachwalk Area,5,Weekend,1,0,Sunny,0.0,None,4218,Peak Tourist Season,13,954.9,1218.5
2024-07-27,Main Beach Gate,5,Weekend,1,0,Sunny,0.0,None,2875,Peak Tourist Season,21,584.8,822.8
2024-07-27,Food Vendor Area,5,Weekend,1,0,Sunny,0.0,None,2819,Peak Tourist Season,13,817.4,897.1
2024-07-27,Parking Area,5,Weekend,1,0,Sunny,0.0,Market Day,2998,Peak Tourist Season,8,586.7,771.0
2024-07-27,Hotel Front Area,5,Weekend,1,0,Sunny,0.0,Market Day,5445,Peak Tourist Season,18,493.5,857.9
2024-07-27,Event Area,5,Weekend,1,0,Sunny,0.0,None,3481,Peak Tourist Season,13,1676.1,1436.6
2024-07-27,Legian-side Beach Zone,5,Weekend,1,0,Sunny,0.0,None,2047,Peak Tourist Season,8,491.8,667.1
2024-07-28,Beachwalk Area,6,Weekend,1,0,Sunny,0.0,Music Concert,7655,Peak Tourist Season,27,1218.5,2296.0
2024-07-28,Main Beach Gate,6,Weekend,1,0,Sunny,0.0,None,3017,Peak Tourist Season,23,822.8,847.0
2024-07-28,Food Vendor Area,6,Weekend,1,0,Sunny,0.0,None,2882,Peak Tourist Season,29,897.1,827.6
2024-07-28,Parking Area,6,Weekend,1,0,Sunny,0.0,None,2190,Peak Tourist Season,12,771.0,602.6
2024-07-28,Hotel Front Area,6,Weekend,1,0,Sunny,0.0,None,2490,Peak Tourist Season,23,857.9,760.7
2024-07-28,Event Area,6,Weekend,1,0,Sunny,0.0,Market Day,3801,Peak Tourist Season,20,1436.6,1329.8
2024-07-28,Legian-side Beach Zone,6,Weekend,1,0,Sunny,0.0,None,2323,Peak Tourist Season,15,667.1,719.2
2024-07-29,Beachwalk Area,0,Weekday,0,0,Cloudy,0.4,None,1514,Peak Tourist Season,21,2296.0,1131.1
2024-07-29,Main Beach Gate,0,Weekday,0,0,Cloudy,0.4,None,1722,Peak Tourist Season,8,847.0,635.1
2024-07-29,Food Vendor Area,0,Weekday,0,0,Cloudy,0.4,None,1464,Peak Tourist Season,29,827.6,687.0
2024-07-29,Parking Area,0,Weekday,0,0,Cloudy,0.4,None,1113,Peak Tourist Season,13,602.6,564.2
2024-07-29,Hotel Front Area,0,Weekday,0,0,Cloudy,0.4,Cultural Ceremony,5592,Peak Tourist Season,29,760.7,1045.8
2024-07-29,Event Area,0,Weekday,0,0,Cloudy,0.4,None,3067,Peak Tourist Season,27,1329.8,1010.3
2024-07-29,Legian-side Beach Zone,0,Weekday,0,0,Cloudy,0.4,None,916,Peak Tourist Season,27,719.2,630.4
2024-07-30,Beachwalk Area,1,Weekday,0,0,Sunny,0.0,None,2270,Peak Tourist Season,18,1131.1,797.6
2024-07-30,Main Beach Gate,1,Weekday,0,0,Sunny,0.0,None,1644,Peak Tourist Season,8,635.1,565.2
2024-07-30,Food Vendor Area,1,Weekday,0,0,Sunny,0.0,None,2359,Peak Tourist Season,11,687.0,848.8
2024-07-30,Parking Area,1,Weekday,0,0,Sunny,0.0,None,1042,Peak Tourist Season,29,564.2,533.1
2024-07-30,Hotel Front Area,1,Weekday,0,0,Sunny,0.0,None,1504,Peak Tourist Season,22,1045.8,684.4
2024-07-30,Event Area,1,Weekday,0,0,Sunny,0.0,None,3228,Peak Tourist Season,20,1010.3,1005.3
2024-07-30,Legian-side Beach Zone,1,Weekday,0,0,Sunny,0.0,None,1926,Peak Tourist Season,16,630.4,530.5
2024-07-31,Beachwalk Area,2,Weekday,0,0,Cloudy,0.5,None,1128,Peak Tourist Season,24,797.6,829.4
2024-07-31,Main Beach Gate,2,Weekday,0,0,Cloudy,0.5,None,2414,Peak Tourist Season,9,565.2,743.7
2024-07-31,Food Vendor Area,2,Weekday,0,0,Cloudy,0.5,None,2467,Peak Tourist Season,27,848.8,746.2
2024-07-31,Parking Area,2,Weekday,0,0,Cloudy,0.5,None,1851,Peak Tourist Season,20,533.1,459.4
2024-07-31,Hotel Front Area,2,Weekday,0,0,Cloudy,0.5,None,1935,Peak Tourist Season,29,684.4,559.6
2024-07-31,Event Area,2,Weekday,0,0,Cloudy,0.5,None,3381,Peak Tourist Season,26,1005.3,958.4
2024-07-31,Legian-side Beach Zone,2,Weekday,0,0,Cloudy,0.5,None,2357,Peak Tourist Season,18,530.5,573.6
2024-08-01,Beachwalk Area,3,Weekday,0,0,Rainy,15.9,Sports Event,2284,Peak Tourist Season,23,829.4,1460.8
2024-08-01,Main Beach Gate,3,Weekday,0,0,Rainy,15.9,None,1844,Peak Tourist Season,11,743.7,805.2
2024-08-01,Food Vendor Area,3,Weekday,0,0,Rainy,15.9,None,838,Peak Tourist Season,29,746.2,675.3
2024-08-01,Parking Area,3,Weekday,0,0,Rainy,15.9,None,2011,Peak Tourist Season,26,459.4,563.7
2024-08-01,Hotel Front Area,3,Weekday,0,0,Rainy,15.9,None,900,Peak Tourist Season,9,559.6,649.8
2024-08-01,Event Area,3,Weekday,0,0,Rainy,15.9,None,2634,Peak Tourist Season,8,958.4,1126.7
2024-08-01,Legian-side Beach Zone,3,Weekday,0,0,Rainy,15.9,None,1294,Peak Tourist Season,26,573.6,619.2
2024-08-02,Beachwalk Area,4,Weekday,0,0,Sunny,0.0,None,2872,Peak Tourist Season,25,1460.8,951.5
2024-08-02,Main Beach Gate,4,Weekday,0,0,Sunny,0.0,None,2214,Peak Tourist Season,21,805.2,671.9
2024-08-02,Food Vendor Area,4,Weekday,0,0,Sunny,0.0,None,2160,Peak Tourist Season,17,675.3,686.2
2024-08-02,Parking Area,4,Weekday,0,0,Sunny,0.0,None,1892,Peak Tourist Season,20,563.7,459.8
2024-08-02,Hotel Front Area,4,Weekday,0,0,Sunny,0.0,None,899,Peak Tourist Season,25,649.8,512.7
2024-08-02,Event Area,4,Weekday,0,0,Sunny,0.0,None,2711,Peak Tourist Season,21,1126.7,858.6
2024-08-02,Legian-side Beach Zone,4,Weekday,0,0,Sunny,0.0,None,1481,Peak Tourist Season,22,619.2,519.5
2024-08-03,Beachwalk Area,5,Weekend,1,0,Cloudy,0.3,None,2763,Peak Tourist Season,18,951.5,1016.6
2024-08-03,Main Beach Gate,5,Weekend,1,0,Cloudy,0.3,None,1119,Peak Tourist Season,17,671.9,645.3
2024-08-03,Food Vendor Area,5,Weekend,1,0,Cloudy,0.3,Cultural Ceremony,4031,Peak Tourist Season,23,686.2,1535.5
2024-08-03,Parking Area,5,Weekend,1,0,Cloudy,0.3,None,1959,Peak Tourist Season,21,459.8,583.1
2024-08-03,Hotel Front Area,5,Weekend,1,0,Cloudy,0.3,None,1714,Peak Tourist Season,19,512.7,682.2
2024-08-03,Event Area,5,Weekend,1,0,Cloudy,0.3,None,4374,Peak Tourist Season,20,858.6,1150.0
2024-08-03,Legian-side Beach Zone,5,Weekend,1,0,Cloudy,0.3,Music Concert,2986,Peak Tourist Season,10,519.5,1369.7
2024-08-04,Beachwalk Area,6,Weekend,1,0,Sunny,0.0,Cultural Ceremony,3005,Peak Tourist Season,11,1016.6,1567.5
2024-08-04,Main Beach Gate,6,Weekend,1,0,Sunny,0.0,Sports Event,4446,Peak Tourist Season,16,645.3,1121.9
2024-08-04,Food Vendor Area,6,Weekend,1,0,Sunny,0.0,Sports Event,3980,Peak Tourist Season,22,1535.5,1921.6
2024-08-04,Parking Area,6,Weekend,1,0,Sunny,0.0,None,3178,Peak Tourist Season,12,583.1,656.3
2024-08-04,Hotel Front Area,6,Weekend,1,0,Sunny,0.0,None,2037,Peak Tourist Season,18,682.2,661.6
2024-08-04,Event Area,6,Weekend,1,0,Sunny,0.0,None,1974,Peak Tourist Season,14,1150.0,979.6
2024-08-04,Legian-side Beach Zone,6,Weekend,1,0,Sunny,0.0,None,1554,Peak Tourist Season,10,1369.7,899.3
2024-08-05,Beachwalk Area,0,Weekday,0,0,Rainy,13.6,None,2095,Peak Tourist Season,24,1567.5,1192.6
2024-08-05,Main Beach Gate,0,Weekday,0,0,Rainy,13.6,None,1249,Peak Tourist Season,18,1121.9,843.8
2024-08-05,Food Vendor Area,0,Weekday,0,0,Rainy,13.6,None,1396,Peak Tourist Season,11,1921.6,1027.5
2024-08-05,Parking Area,0,Weekday,0,0,Rainy,13.6,Market Day,4519,Peak Tourist Season,15,656.3,925.9
2024-08-05,Hotel Front Area,0,Weekday,0,0,Rainy,13.6,None,1938,Peak Tourist Season,27,661.6,672.9
2024-08-05,Event Area,0,Weekday,0,0,Rainy,13.6,None,2298,Peak Tourist Season,22,979.6,785.3
2024-08-05,Legian-side Beach Zone,0,Weekday,0,0,Rainy,13.6,None,1722,Peak Tourist Season,15,899.3,704.1
2024-08-06,Beachwalk Area,1,Weekday,0,0,Sunny,0.0,None,2073,Peak Tourist Season,14,1192.6,1006.7
2024-08-06,Main Beach Gate,1,Weekday,0,0,Sunny,0.0,None,1028,Peak Tourist Season,26,843.8,619.1
2024-08-06,Food Vendor Area,1,Weekday,0,0,Sunny,0.0,None,2470,Peak Tourist Season,19,1027.5,774.5
2024-08-06,Parking Area,1,Weekday,0,0,Sunny,0.0,None,1764,Peak Tourist Season,24,925.9,588.8
2024-08-06,Hotel Front Area,1,Weekday,0,0,Sunny,0.0,None,1068,Peak Tourist Season,8,672.9,605.9
2024-08-06,Event Area,1,Weekday,0,0,Sunny,0.0,Cultural Ceremony,2726,Peak Tourist Season,23,785.3,1261.2
2024-08-06,Legian-side Beach Zone,1,Weekday,0,0,Sunny,0.0,None,1552,Peak Tourist Season,13,704.1,564.8
2024-08-07,Beachwalk Area,2,Weekday,0,0,Rainy,23.1,Cultural Ceremony,6269,Peak Tourist Season,17,1006.7,1263.3
2024-08-07,Main Beach Gate,2,Weekday,0,0,Rainy,23.1,None,2009,Peak Tourist Season,13,619.1,803.5
2024-08-07,Food Vendor Area,2,Weekday,0,0,Rainy,23.1,None,2361,Peak Tourist Season,14,774.5,965.4
2024-08-07,Parking Area,2,Weekday,0,0,Rainy,23.1,None,2386,Peak Tourist Season,23,588.8,540.4
2024-08-07,Hotel Front Area,2,Weekday,0,0,Rainy,23.1,None,1452,Peak Tourist Season,28,605.9,592.7
2024-08-07,Event Area,2,Weekday,0,0,Rainy,23.1,None,1470,Peak Tourist Season,16,1261.2,881.8
2024-08-07,Legian-side Beach Zone,2,Weekday,0,0,Rainy,23.1,None,1580,Peak Tourist Season,9,564.8,652.3
2024-08-08,Beachwalk Area,3,Weekday,0,0,Sunny,0.0,None,2550,Peak Tourist Season,17,1263.3,1051.9
2024-08-08,Main Beach Gate,3,Weekday,0,0,Sunny,0.0,None,2255,Peak Tourist Season,24,803.5,729.4
2024-08-08,Food Vendor Area,3,Weekday,0,0,Sunny,0.0,None,1128,Peak Tourist Season,27,965.4,861.7
2024-08-08,Parking Area,3,Weekday,0,0,Sunny,0.0,None,920,Peak Tourist Season,11,540.4,537.9
2024-08-08,Hotel Front Area,3,Weekday,0,0,Sunny,0.0,None,2398,Peak Tourist Season,25,592.7,504.5
2024-08-08,Event Area,3,Weekday,0,0,Sunny,0.0,None,2962,Peak Tourist Season,20,881.8,809.0
2024-08-08,Legian-side Beach Zone,3,Weekday,0,0,Sunny,0.0,None,2229,Peak Tourist Season,11,652.3,696.8
2024-08-09,Beachwalk Area,4,Weekday,0,0,Rainy,21.9,None,2035,Peak Tourist Season,17,1051.9,1028.7
2024-08-09,Main Beach Gate,4,Weekday,0,0,Rainy,21.9,None,2015,Peak Tourist Season,26,729.4,679.8
2024-08-09,Food Vendor Area,4,Weekday,0,0,Rainy,21.9,Music Concert,3383,Peak Tourist Season,10,861.7,1991.6
2024-08-09,Parking Area,4,Weekday,0,0,Rainy,21.9,None,2127,Peak Tourist Season,8,537.9,511.5
2024-08-09,Hotel Front Area,4,Weekday,0,0,Rainy,21.9,None,2216,Peak Tourist Season,13,504.5,687.4
2024-08-09,Event Area,4,Weekday,0,0,Rainy,21.9,None,3119,Peak Tourist Season,17,809.0,792.0
2024-08-09,Legian-side Beach Zone,4,Weekday,0,0,Rainy,21.9,None,1355,Peak Tourist Season,11,696.8,565.3
2024-08-10,Beachwalk Area,5,Weekend,1,0,Cloudy,1.4,None,3090,Peak Tourist Season,19,1028.7,1098.5
2024-08-10,Main Beach Gate,5,Weekend,1,0,Cloudy,1.4,None,1431,Peak Tourist Season,29,679.8,846.2
2024-08-10,Food Vendor Area,5,Weekend,1,0,Cloudy,1.4,Market Day,2330,Peak Tourist Season,24,1991.6,1510.8
2024-08-10,Parking Area,5,Weekend,1,0,Cloudy,1.4,None,1588,Peak Tourist Season,21,511.5,478.1
2024-08-10,Hotel Front Area,5,Weekend,1,0,Cloudy,1.4,None,1079,Peak Tourist Season,18,687.4,595.4
2024-08-10,Event Area,5,Weekend,1,0,Cloudy,1.4,Beach Festival,5920,Peak Tourist Season,14,792.0,2224.7
2024-08-10,Legian-side Beach Zone,5,Weekend,1,0,Cloudy,1.4,None,1938,Peak Tourist Season,20,565.3,706.2
2024-08-11,Beachwalk Area,6,Weekend,1,0,Cloudy,1.6,None,4295,Peak Tourist Season,9,1098.5,1219.2
2024-08-11,Main Beach Gate,6,Weekend,1,0,Cloudy,1.6,None,2789,Peak Tourist Season,8,846.2,894.6
2024-08-11,Food Vendor Area,6,Weekend,1,0,Cloudy,1.6,None,2228,Peak Tourist Season,19,1510.8,1115.4
2024-08-11,Parking Area,6,Weekend,1,0,Cloudy,1.6,Music Concert,3325,Peak Tourist Season,9,478.1,1412.3
2024-08-11,Hotel Front Area,6,Weekend,1,0,Cloudy,1.6,None,1931,Peak Tourist Season,29,595.4,724.6
2024-08-11,Event Area,6,Weekend,1,0,Cloudy,1.6,None,4072,Peak Tourist Season,12,2224.7,1465.6
2024-08-11,Legian-side Beach Zone,6,Weekend,1,0,Cloudy,1.6,None,1298,Peak Tourist Season,25,706.2,688.7
2024-08-12,Beachwalk Area,0,Weekday,0,0,Rainy,10.2,None,1889,Peak Tourist Season,21,1219.2,1078.8
2024-08-12,Main Beach Gate,0,Weekday,0,0,Rainy,10.2,None,1679,Peak Tourist Season,22,894.6,743.3
2024-08-12,Food Vendor Area,0,Weekday,0,0,Rainy,10.2,None,1270,Peak Tourist Season,25,1115.4,903.3
2024-08-12,Parking Area,0,Weekday,0,0,Rainy,10.2,None,1809,Peak Tourist Season,22,1412.3,729.8
2024-08-12,Hotel Front Area,0,Weekday,0,0,Rainy,10.2,None,1013,Peak Tourist Season,23,724.6,666.5
2024-08-12,Event Area,0,Weekday,0,0,Rainy,10.2,None,2979,Peak Tourist Season,25,1465.6,1200.3
2024-08-12,Legian-side Beach Zone,0,Weekday,0,0,Rainy,10.2,None,859,Peak Tourist Season,23,688.7,582.8
2024-08-13,Beachwalk Area,1,Weekday,0,0,Sunny,0.0,None,2178,Peak Tourist Season,21,1078.8,874.1
2024-08-13,Main Beach Gate,1,Weekday,0,0,Sunny,0.0,Market Day,2369,Peak Tourist Season,18,743.3,1022.9
2024-08-13,Food Vendor Area,1,Weekday,0,0,Sunny,0.0,None,1587,Peak Tourist Season,26,903.3,817.0
2024-08-13,Parking Area,1,Weekday,0,0,Sunny,0.0,None,1265,Peak Tourist Season,21,729.8,461.2
2024-08-13,Hotel Front Area,1,Weekday,0,0,Sunny,0.0,None,1896,Peak Tourist Season,8,666.5,701.3
2024-08-13,Event Area,1,Weekday,0,0,Sunny,0.0,None,3295,Peak Tourist Season,13,1200.3,1081.9
2024-08-13,Legian-side Beach Zone,1,Weekday,0,0,Sunny,0.0,None,1395,Peak Tourist Season,11,582.8,642.2
2024-08-14,Beachwalk Area,2,Weekday,0,0,Cloudy,0.2,None,1741,Peak Tourist Season,24,874.1,671.6
2024-08-14,Main Beach Gate,2,Weekday,0,0,Cloudy,0.2,None,1817,Peak Tourist Season,23,1022.9,751.0
2024-08-14,Food Vendor Area,2,Weekday,0,0,Cloudy,0.2,None,820,Peak Tourist Season,25,817.0,668.0
2024-08-14,Parking Area,2,Weekday,0,0,Cloudy,0.2,None,2111,Peak Tourist Season,16,461.2,473.4
2024-08-14,Hotel Front Area,2,Weekday,0,0,Cloudy,0.2,None,2488,Peak Tourist Season,9,701.3,565.7
2024-08-14,Event Area,2,Weekday,0,0,Cloudy,0.2,None,2426,Peak Tourist Season,10,1081.9,930.6
2024-08-14,Legian-side Beach Zone,2,Weekday,0,0,Cloudy,0.2,None,2390,Peak Tourist Season,8,642.2,689.4
2024-08-15,Beachwalk Area,3,Weekday,0,0,Rainy,16.7,None,2721,Peak Tourist Season,21,671.6,861.2
2024-08-15,Main Beach Gate,3,Weekday,0,0,Rainy,16.7,None,1566,Peak Tourist Season,17,751.0,659.7
2024-08-15,Food Vendor Area,3,Weekday,0,0,Rainy,16.7,None,2243,Peak Tourist Season,23,668.0,676.3
2024-08-15,Parking Area,3,Weekday,0,0,Rainy,16.7,None,824,Peak Tourist Season,27,473.4,492.2
2024-08-15,Hotel Front Area,3,Weekday,0,0,Rainy,16.7,None,936,Peak Tourist Season,10,565.7,707.9
2024-08-15,Event Area,3,Weekday,0,0,Rainy,16.7,Cultural Ceremony,1922,Peak Tourist Season,28,930.6,1186.7
2024-08-15,Legian-side Beach Zone,3,Weekday,0,0,Rainy,16.7,None,1232,Peak Tourist Season,23,689.4,620.0
2024-08-16,Beachwalk Area,4,Weekday,0,0,Cloudy,0.2,None,2433,Peak Tourist Season,12,861.2,772.2
2024-08-16,Main Beach Gate,4,Weekday,0,0,Cloudy,0.2,None,2442,Peak Tourist Season,19,659.7,553.5
2024-08-16,Food Vendor Area,4,Weekday,0,0,Cloudy,0.2,None,1187,Peak Tourist Season,29,676.3,758.8
2024-08-16,Parking Area,4,Weekday,0,0,Cloudy,0.2,None,2425,Peak Tourist Season,26,492.2,486.4
2024-08-16,Hotel Front Area,4,Weekday,0,0,Cloudy,0.2,None,922,Peak Tourist Season,15,707.9,633.3
2024-08-16,Event Area,4,Weekday,0,0,Cloudy,0.2,None,1733,Peak Tourist Season,25,1186.7,765.1
2024-08-16,Legian-side Beach Zone,4,Weekday,0,0,Cloudy,0.2,None,1704,Peak Tourist Season,10,620.0,525.0
2024-08-17,Beachwalk Area,5,Public Holiday,1,1,Cloudy,0.3,None,4779,Peak Tourist Season,18,772.2,1072.8
2024-08-17,Main Beach Gate,5,Public Holiday,1,1,Cloudy,0.3,None,3888,Peak Tourist Season,22,553.5,885.3
2024-08-17,Food Vendor Area,5,Public Holiday,1,1,Cloudy,0.3,None,2283,Peak Tourist Season,19,758.8,950.7
2024-08-17,Parking Area,5,Public Holiday,1,1,Cloudy,0.3,None,3688,Peak Tourist Season,11,486.4,723.5
2024-08-17,Hotel Front Area,5,Public Holiday,1,1,Cloudy,0.3,None,4788,Peak Tourist Season,26,633.3,961.2
2024-08-17,Event Area,5,Public Holiday,1,1,Cloudy,0.3,None,6771,Peak Tourist Season,8,765.1,1423.8
2024-08-17,Legian-side Beach Zone,5,Public Holiday,1,1,Cloudy,0.3,None,3213,Peak Tourist Season,18,525.0,750.3
2024-08-18,Beachwalk Area,6,Weekend,1,0,Rainy,5.2,None,3339,Peak Tourist Season,20,1072.8,1059.5
2024-08-18,Main Beach Gate,6,Weekend,1,0,Rainy,5.2,None,2241,Peak Tourist Season,24,885.3,899.8
2024-08-18,Food Vendor Area,6,Weekend,1,0,Rainy,5.2,Sports Event,5929,Peak Tourist Season,21,950.7,1675.6
2024-08-18,Parking Area,6,Weekend,1,0,Rainy,5.2,Music Concert,3412,Peak Tourist Season,13,723.5,1741.0
2024-08-18,Hotel Front Area,6,Weekend,1,0,Rainy,5.2,None,2648,Peak Tourist Season,29,961.2,762.9
2024-08-18,Event Area,6,Weekend,1,0,Rainy,5.2,None,2990,Peak Tourist Season,18,1423.8,1079.4
2024-08-18,Legian-side Beach Zone,6,Weekend,1,0,Rainy,5.2,None,3246,Peak Tourist Season,18,750.3,816.4
2024-08-19,Beachwalk Area,0,Weekday,0,0,Sunny,0.0,None,1649,Peak Tourist Season,25,1059.5,787.5
2024-08-19,Main Beach Gate,0,Weekday,0,0,Sunny,0.0,None,2471,Peak Tourist Season,17,899.8,803.8
2024-08-19,Food Vendor Area,0,Weekday,0,0,Sunny,0.0,None,2298,Peak Tourist Season,11,1675.6,1136.3
2024-08-19,Parking Area,0,Weekday,0,0,Sunny,0.0,None,1085,Peak Tourist Season,15,1741.0,797.5
2024-08-19,Hotel Front Area,0,Weekday,0,0,Sunny,0.0,None,2264,Peak Tourist Season,12,762.9,719.1
2024-08-19,Event Area,0,Weekday,0,0,Sunny,0.0,None,2681,Peak Tourist Season,14,1079.4,902.6
2024-08-19,Legian-side Beach Zone,0,Weekday,0,0,Sunny,0.0,None,2285,Peak Tourist Season,28,816.4,549.5
2024-08-20,Beachwalk Area,1,Weekday,0,0,Stormy,51.2,None,2562,Peak Tourist Season,13,787.5,1078.4
2024-08-20,Main Beach Gate,1,Weekday,0,0,Stormy,51.2,None,1166,Peak Tourist Season,17,803.8,859.6
2024-08-20,Food Vendor Area,1,Weekday,0,0,Stormy,51.2,None,1179,Peak Tourist Season,18,1136.3,896.5
2024-08-20,Parking Area,1,Weekday,0,0,Stormy,51.2,None,1718,Peak Tourist Season,14,797.5,592.0
2024-08-20,Hotel Front Area,1,Weekday,0,0,Stormy,51.2,None,857,Peak Tourist Season,16,719.1,704.2
2024-08-20,Event Area,1,Weekday,0,0,Stormy,51.2,None,2261,Peak Tourist Season,20,902.6,1026.7
2024-08-20,Legian-side Beach Zone,1,Weekday,0,0,Stormy,51.2,None,2443,Peak Tourist Season,26,549.5,695.9
2024-08-21,Beachwalk Area,2,Weekday,0,0,Sunny,0.0,None,2655,Peak Tourist Season,11,1078.4,933.7
2024-08-21,Main Beach Gate,2,Weekday,0,0,Sunny,0.0,None,1012,Peak Tourist Season,22,859.6,768.0
2024-08-21,Food Vendor Area,2,Weekday,0,0,Sunny,0.0,None,1138,Peak Tourist Season,29,896.5,660.5
2024-08-21,Parking Area,2,Weekday,0,0,Sunny,0.0,None,2282,Peak Tourist Season,23,592.0,517.6
2024-08-21,Hotel Front Area,2,Weekday,0,0,Sunny,0.0,None,2442,Peak Tourist Season,15,704.2,680.7
2024-08-21,Event Area,2,Weekday,0,0,Sunny,0.0,None,2913,Peak Tourist Season,16,1026.7,917.6
2024-08-21,Legian-side Beach Zone,2,Weekday,0,0,Sunny,0.0,None,1537,Peak Tourist Season,19,695.9,590.0
2024-08-22,Beachwalk Area,3,Weekday,0,0,Sunny,0.0,None,1990,Peak Tourist Season,13,933.7,778.9
2024-08-22,Main Beach Gate,3,Weekday,0,0,Sunny,0.0,None,2303,Peak Tourist Season,8,768.0,766.6
2024-08-22,Food Vendor Area,3,Weekday,0,0,Sunny,0.0,None,2375,Peak Tourist Season,12,660.5,658.8
2024-08-22,Parking Area,3,Weekday,0,0,Sunny,0.0,None,1097,Peak Tourist Season,9,517.6,465.7
2024-08-22,Hotel Front Area,3,Weekday,0,0,Sunny,0.0,None,2022,Peak Tourist Season,22,680.7,557.9
2024-08-22,Event Area,3,Weekday,0,0,Sunny,0.0,None,2945,Peak Tourist Season,10,917.6,858.9
2024-08-22,Legian-side Beach Zone,3,Weekday,0,0,Sunny,0.0,None,951,Peak Tourist Season,9,590.0,519.8
2024-08-23,Beachwalk Area,4,Weekday,0,0,Cloudy,0.9,None,1903,Peak Tourist Season,21,778.9,729.4
2024-08-23,Main Beach Gate,4,Weekday,0,0,Cloudy,0.9,None,2042,Peak Tourist Season,15,766.6,641.1
2024-08-23,Food Vendor Area,4,Weekday,0,0,Cloudy,0.9,None,1072,Peak Tourist Season,8,658.8,715.0
2024-08-23,Parking Area,4,Weekday,0,0,Cloudy,0.9,None,1775,Peak Tourist Season,16,465.7,444.2
2024-08-23,Hotel Front Area,4,Weekday,0,0,Cloudy,0.9,None,2028,Peak Tourist Season,28,557.9,522.3
2024-08-23,Event Area,4,Weekday,0,0,Cloudy,0.9,Music Concert,5061,Peak Tourist Season,27,858.9,1688.2
2024-08-23,Legian-side Beach Zone,4,Weekday,0,0,Cloudy,0.9,None,2345,Peak Tourist Season,16,519.8,604.5
2024-08-24,Beachwalk Area,5,Weekend,1,0,Sunny,0.0,None,3130,Peak Tourist Season,24,729.4,788.3
2024-08-24,Main Beach Gate,5,Weekend,1,0,Sunny,0.0,None,1857,Peak Tourist Season,11,641.1,798.6
2024-08-24,Food Vendor Area,5,Weekend,1,0,Sunny,0.0,None,2337,Peak Tourist Season,15,715.0,822.9
2024-08-24,Parking Area,5,Weekend,1,0,Sunny,0.0,None,2698,Peak Tourist Season,19,444.2,525.0
2024-08-24,Hotel Front Area,5,Weekend,1,0,Sunny,0.0,None,2909,Peak Tourist Season,13,522.3,785.9
2024-08-24,Event Area,5,Weekend,1,0,Sunny,0.0,None,3463,Peak Tourist Season,14,1688.2,1218.4
2024-08-24,Legian-side Beach Zone,5,Weekend,1,0,Sunny,0.0,None,3110,Peak Tourist Season,14,604.5,725.5
2024-08-25,Beachwalk Area,6,Weekend,1,0,Sunny,0.0,None,3044,Peak Tourist Season,23,788.3,916.0
2024-08-25,Main Beach Gate,6,Weekend,1,0,Sunny,0.0,None,1498,Peak Tourist Season,20,798.6,735.3
2024-08-25,Food Vendor Area,6,Weekend,1,0,Sunny,0.0,None,1487,Peak Tourist Season,19,822.9,788.1
2024-08-25,Parking Area,6,Weekend,1,0,Sunny,0.0,None,2490,Peak Tourist Season,25,525.0,601.3
2024-08-25,Hotel Front Area,6,Weekend,1,0,Sunny,0.0,None,1328,Peak Tourist Season,15,785.9,703.7
2024-08-25,Event Area,6,Weekend,1,0,Sunny,0.0,None,3572,Peak Tourist Season,12,1218.4,1112.7
2024-08-25,Legian-side Beach Zone,6,Weekend,1,0,Sunny,0.0,None,2720,Peak Tourist Season,20,725.5,744.3
2024-08-26,Beachwalk Area,0,Weekday,0,0,Cloudy,1.9,Market Day,7036,Peak Tourist Season,26,916.0,1123.1
2024-08-26,Main Beach Gate,0,Weekday,0,0,Cloudy,1.9,None,1221,Peak Tourist Season,10,735.3,779.6
2024-08-26,Food Vendor Area,0,Weekday,0,0,Cloudy,1.9,None,1942,Peak Tourist Season,25,788.1,709.0
2024-08-26,Parking Area,0,Weekday,0,0,Cloudy,1.9,None,1875,Peak Tourist Season,8,601.3,574.0
2024-08-26,Hotel Front Area,0,Weekday,0,0,Cloudy,1.9,None,2061,Peak Tourist Season,23,703.7,587.6
2024-08-26,Event Area,0,Weekday,0,0,Cloudy,1.9,None,3085,Peak Tourist Season,24,1112.7,918.0
2024-08-26,Legian-side Beach Zone,0,Weekday,0,0,Cloudy,1.9,None,1937,Peak Tourist Season,27,744.3,670.5
2024-08-27,Beachwalk Area,1,Weekday,0,0,Cloudy,1.0,Market Day,5672,Peak Tourist Season,19,1123.1,1132.0
2024-08-27,Main Beach Gate,1,Weekday,0,0,Cloudy,1.0,None,878,Peak Tourist Season,16,779.6,605.5
2024-08-27,Food Vendor Area,1,Weekday,0,0,Cloudy,1.0,None,2431,Peak Tourist Season,14,709.0,824.2
2024-08-27,Parking Area,1,Weekday,0,0,Cloudy,1.0,None,1433,Peak Tourist Season,19,574.0,484.7
2024-08-27,Hotel Front Area,1,Weekday,0,0,Cloudy,1.0,Beach Festival,4774,Peak Tourist Season,23,587.6,1223.5
2024-08-27,Event Area,1,Weekday,0,0,Cloudy,1.0,Cultural Ceremony,4836,Peak Tourist Season,18,918.0,1188.8
2024-08-27,Legian-side Beach Zone,1,Weekday,0,0,Cloudy,1.0,None,2324,Peak Tourist Season,13,670.5,626.2
2024-08-28,Beachwalk Area,2,Weekday,0,0,Cloudy,0.2,Music Concert,3403,Peak Tourist Season,14,1132.0,1691.0
2024-08-28,Main Beach Gate,2,Weekday,0,0,Cloudy,0.2,None,1927,Peak Tourist Season,8,605.5,574.3
2024-08-28,Food Vendor Area,2,Weekday,0,0,Cloudy,0.2,None,1857,Peak Tourist Season,25,824.2,842.8
2024-08-28,Parking Area,2,Weekday,0,0,Cloudy,0.2,None,1117,Peak Tourist Season,21,484.7,468.5
2024-08-28,Hotel Front Area,2,Weekday,0,0,Cloudy,0.2,Market Day,4267,Peak Tourist Season,27,1223.5,964.7
2024-08-28,Event Area,2,Weekday,0,0,Cloudy,0.2,Sports Event,3278,Peak Tourist Season,17,1188.8,1417.0
2024-08-28,Legian-side Beach Zone,2,Weekday,0,0,Cloudy,0.2,None,844,Peak Tourist Season,19,626.2,502.4
2024-08-29,Beachwalk Area,3,Weekday,0,0,Sunny,0.0,None,3493,Peak Tourist Season,17,1691.0,1055.1
2024-08-29,Main Beach Gate,3,Weekday,0,0,Sunny,0.0,None,1288,Peak Tourist Season,22,574.3,666.4
2024-08-29,Food Vendor Area,3,Weekday,0,0,Sunny,0.0,None,1671,Peak Tourist Season,29,842.8,789.2
2024-08-29,Parking Area,3,Weekday,0,0,Sunny,0.0,None,1122,Peak Tourist Season,25,468.5,431.1
2024-08-29,Hotel Front Area,3,Weekday,0,0,Sunny,0.0,None,1102,Peak Tourist Season,13,964.7,607.1
2024-08-29,Event Area,3,Weekday,0,0,Sunny,0.0,Sports Event,5701,Peak Tourist Season,24,1417.0,1450.7
2024-08-29,Legian-side Beach Zone,3,Weekday,0,0,Sunny,0.0,Beach Festival,2091,Peak Tourist Season,12,502.4,1203.8
2024-08-30,Beachwalk Area,4,Weekday,0,0,Sunny,0.0,None,1446,Peak Tourist Season,24,1055.1,941.8
2024-08-30,Main Beach Gate,4,Weekday,0,0,Sunny,0.0,None,1766,Peak Tourist Season,18,666.4,543.4
2024-08-30,Food Vendor Area,4,Weekday,0,0,Sunny,0.0,None,2275,Peak Tourist Season,11,789.2,797.7
2024-08-30,Parking Area,4,Weekday,0,0,Sunny,0.0,None,1394,Peak Tourist Season,17,431.1,502.5
2024-08-30,Hotel Front Area,4,Weekday,0,0,Sunny,0.0,None,2176,Peak Tourist Season,19,607.1,491.2
2024-08-30,Event Area,4,Weekday,0,0,Sunny,0.0,Market Day,5818,Peak Tourist Season,9,1450.7,1337.8
2024-08-30,Legian-side Beach Zone,4,Weekday,0,0,Sunny,0.0,None,2369,Peak Tourist Season,14,1203.8,805.7
2024-08-31,Beachwalk Area,5,Weekend,1,0,Sunny,0.0,None,4087,Peak Tourist Season,20,941.8,1126.9
2024-08-31,Main Beach Gate,5,Weekend,1,0,Sunny,0.0,None,3196,Peak Tourist Season,26,543.4,653.2
2024-08-31,Food Vendor Area,5,Weekend,1,0,Sunny,0.0,None,1336,Peak Tourist Season,9,797.7,831.0
2024-08-31,Parking Area,5,Weekend,1,0,Sunny,0.0,Market Day,4834,Peak Tourist Season,14,502.5,1033.7
2024-08-31,Hotel Front Area,5,Weekend,1,0,Sunny,0.0,None,2176,Peak Tourist Season,14,491.2,729.8
2024-08-31,Event Area,5,Weekend,1,0,Sunny,0.0,None,3910,Peak Tourist Season,24,1337.8,1161.2
2024-08-31,Legian-side Beach Zone,5,Weekend,1,0,Sunny,0.0,None,2076,Peak Tourist Season,14,805.7,860.2
2024-09-01,Beachwalk Area,6,Weekend,1,0,Cloudy,1.3,None,3335,Dry Season,18,1126.9,854.7
2024-09-01,Main Beach Gate,6,Weekend,1,0,Cloudy,1.3,None,1480,Dry Season,8,653.2,571.7
2024-09-01,Food Vendor Area,6,Weekend,1,0,Cloudy,1.3,None,1972,Dry Season,24,831.0,645.7
2024-09-01,Parking Area,6,Weekend,1,0,Cloudy,1.3,None,2334,Dry Season,28,1033.7,668.6
2024-09-01,Hotel Front Area,6,Weekend,1,0,Cloudy,1.3,None,1706,Dry Season,29,729.8,538.4
2024-09-01,Event Area,6,Weekend,1,0,Cloudy,1.3,Sports Event,9311,Dry Season,12,1161.2,1604.3
2024-09-01,Legian-side Beach Zone,6,Weekend,1,0,Cloudy,1.3,None,1647,Dry Season,8,860.2,573.5
2024-09-02,Beachwalk Area,0,Weekday,0,0,Rainy,6.6,None,2003,Dry Season,27,854.7,705.9
2024-09-02,Main Beach Gate,0,Weekday,0,0,Rainy,6.6,None,1186,Dry Season,26,571.7,623.6
2024-09-02,Food Vendor Area,0,Weekday,0,0,Rainy,6.6,None,2459,Dry Season,17,645.7,680.7
2024-09-02,Parking Area,0,Weekday,0,0,Rainy,6.6,None,1914,Dry Season,20,668.6,431.0
2024-09-02,Hotel Front Area,0,Weekday,0,0,Rainy,6.6,None,1210,Dry Season,21,538.4,463.5
2024-09-02,Event Area,0,Weekday,0,0,Rainy,6.6,None,2998,Dry Season,24,1604.3,1069.4
2024-09-02,Legian-side Beach Zone,0,Weekday,0,0,Rainy,6.6,None,1261,Dry Season,19,573.5,452.0
2024-09-03,Beachwalk Area,1,Weekday,0,0,Rainy,16.6,None,1198,Dry Season,27,705.9,613.7
2024-09-03,Main Beach Gate,1,Weekday,0,0,Rainy,16.6,None,1537,Dry Season,17,623.6,532.0
2024-09-03,Food Vendor Area,1,Weekday,0,0,Rainy,16.6,None,1155,Dry Season,19,680.7,594.7
2024-09-03,Parking Area,1,Weekday,0,0,Rainy,16.6,None,2009,Dry Season,20,431.0,372.1
2024-09-03,Hotel Front Area,1,Weekday,0,0,Rainy,16.6,None,1233,Dry Season,29,463.5,493.8
2024-09-03,Event Area,1,Weekday,0,0,Rainy,16.6,None,2662,Dry Season,15,1069.4,883.5
2024-09-03,Legian-side Beach Zone,1,Weekday,0,0,Rainy,16.6,None,1052,Dry Season,13,452.0,476.5
2024-09-04,Beachwalk Area,2,Weekday,0,0,Cloudy,1.6,None,2121,Dry Season,13,613.7,686.5
2024-09-04,Main Beach Gate,2,Weekday,0,0,Cloudy,1.6,None,1350,Dry Season,14,532.0,515.6
2024-09-04,Food Vendor Area,2,Weekday,0,0,Cloudy,1.6,None,1964,Dry Season,25,594.7,646.2
2024-09-04,Parking Area,2,Weekday,0,0,Cloudy,1.6,Beach Festival,1955,Dry Season,16,372.1,692.8
2024-09-04,Hotel Front Area,2,Weekday,0,0,Cloudy,1.6,None,1070,Dry Season,10,493.8,479.7
2024-09-04,Event Area,2,Weekday,0,0,Cloudy,1.6,None,2630,Dry Season,18,883.5,693.2
2024-09-04,Legian-side Beach Zone,2,Weekday,0,0,Cloudy,1.6,None,1961,Dry Season,13,476.5,491.4
2024-09-05,Beachwalk Area,3,Weekday,0,0,Rainy,6.8,None,3073,Dry Season,16,686.5,637.1
2024-09-05,Main Beach Gate,3,Weekday,0,0,Rainy,6.8,None,1793,Dry Season,18,515.6,505.7
2024-09-05,Food Vendor Area,3,Weekday,0,0,Rainy,6.8,None,1609,Dry Season,12,646.2,632.6
2024-09-05,Parking Area,3,Weekday,0,0,Rainy,6.8,None,1568,Dry Season,26,692.8,475.5
2024-09-05,Hotel Front Area,3,Weekday,0,0,Rainy,6.8,None,1270,Dry Season,28,479.7,513.2
2024-09-05,Event Area,3,Weekday,0,0,Rainy,6.8,None,2224,Dry Season,27,693.2,631.8
2024-09-05,Legian-side Beach Zone,3,Weekday,0,0,Rainy,6.8,None,1664,Dry Season,21,491.4,525.0
2024-09-06,Beachwalk Area,4,Weekday,0,0,Sunny,0.0,None,1554,Dry Season,20,637.1,621.2
2024-09-06,Main Beach Gate,4,Weekday,0,0,Sunny,0.0,None,1237,Dry Season,9,505.7,523.4
2024-09-06,Food Vendor Area,4,Weekday,0,0,Sunny,0.0,None,2320,Dry Season,18,632.6,652.8
2024-09-06,Parking Area,4,Weekday,0,0,Sunny,0.0,None,1988,Dry Season,24,475.5,349.1
2024-09-06,Hotel Front Area,4,Weekday,0,0,Sunny,0.0,None,2108,Dry Season,18,513.2,423.5
2024-09-06,Event Area,4,Weekday,0,0,Sunny,0.0,None,2392,Dry Season,19,631.8,665.3
2024-09-06,Legian-side Beach Zone,4,Weekday,0,0,Sunny,0.0,None,1599,Dry Season,17,525.0,475.1
2024-09-07,Beachwalk Area,5,Weekend,1,0,Cloudy,0.7,None,3554,Dry Season,24,621.2,768.5
2024-09-07,Main Beach Gate,5,Weekend,1,0,Cloudy,0.7,None,1439,Dry Season,16,523.4,571.1
2024-09-07,Food Vendor Area,5,Weekend,1,0,Cloudy,0.7,None,3203,Dry Season,16,652.8,667.9
2024-09-07,Parking Area,5,Weekend,1,0,Cloudy,0.7,None,1257,Dry Season,20,349.1,371.5
2024-09-07,Hotel Front Area,5,Weekend,1,0,Cloudy,0.7,None,1233,Dry Season,25,423.5,547.2
2024-09-07,Event Area,5,Weekend,1,0,Cloudy,0.7,None,2628,Dry Season,26,665.3,811.5
2024-09-07,Legian-side Beach Zone,5,Weekend,1,0,Cloudy,0.7,None,1641,Dry Season,12,475.1,555.6
2024-09-08,Beachwalk Area,6,Weekend,1,0,Rainy,22.8,None,3545,Dry Season,24,768.5,889.7
2024-09-08,Main Beach Gate,6,Weekend,1,0,Rainy,22.8,None,2796,Dry Season,8,571.1,822.1
2024-09-08,Food Vendor Area,6,Weekend,1,0,Rainy,22.8,None,1948,Dry Season,25,667.9,652.4
2024-09-08,Parking Area,6,Weekend,1,0,Rainy,22.8,None,3025,Dry Season,11,371.5,576.8
2024-09-08,Hotel Front Area,6,Weekend,1,0,Rainy,22.8,None,2892,Dry Season,9,547.2,596.8
2024-09-08,Event Area,6,Weekend,1,0,Rainy,22.8,None,3682,Dry Season,10,811.5,1078.8
2024-09-08,Legian-side Beach Zone,6,Weekend,1,0,Rainy,22.8,None,2121,Dry Season,17,555.6,619.6
2024-09-09,Beachwalk Area,0,Weekday,0,0,Sunny,0.0,None,1736,Dry Season,12,889.7,676.7
2024-09-09,Main Beach Gate,0,Weekday,0,0,Sunny,0.0,None,1352,Dry Season,14,822.1,556.4
2024-09-09,Food Vendor Area,0,Weekday,0,0,Sunny,0.0,None,1786,Dry Season,16,652.4,526.8
2024-09-09,Parking Area,0,Weekday,0,0,Sunny,0.0,None,1832,Dry Season,24,576.8,448.3
2024-09-09,Hotel Front Area,0,Weekday,0,0,Sunny,0.0,None,2110,Dry Season,9,596.8,566.1
2024-09-09,Event Area,0,Weekday,0,0,Sunny,0.0,None,1138,Dry Season,11,1078.8,718.4
2024-09-09,Legian-side Beach Zone,0,Weekday,0,0,Sunny,0.0,None,2489,Dry Season,11,619.6,460.1
2024-09-10,Beachwalk Area,1,Weekday,0,0,Rainy,17.7,None,2485,Dry Season,26,676.7,645.9
2024-09-10,Main Beach Gate,1,Weekday,0,0,Rainy,17.7,None,2364,Dry Season,25,556.4,585.9
2024-09-10,Food Vendor Area,1,Weekday,0,0,Rainy,17.7,None,1568,Dry Season,14,526.8,647.0
2024-09-10,Parking Area,1,Weekday,0,0,Rainy,17.7,None,987,Dry Season,27,448.3,459.2
2024-09-10,Hotel Front Area,1,Weekday,0,0,Rainy,17.7,None,1179,Dry Season,21,566.1,553.1
2024-09-10,Event Area,1,Weekday,0,0,Rainy,17.7,None,1562,Dry Season,17,718.4,657.9
2024-09-10,Legian-side Beach Zone,1,Weekday,0,0,Rainy,17.7,None,2336,Dry Season,12,460.1,505.8
2024-09-11,Beachwalk Area,2,Weekday,0,0,Sunny,0.0,None,3246,Dry Season,20,645.9,562.8
2024-09-11,Main Beach Gate,2,Weekday,0,0,Sunny,0.0,None,1708,Dry Season,21,585.9,458.9
2024-09-11,Food Vendor Area,2,Weekday,0,0,Sunny,0.0,None,898,Dry Season,24,647.0,603.4
2024-09-11,Parking Area,2,Weekday,0,0,Sunny,0.0,None,1716,Dry Season,20,459.2,375.9
2024-09-11,Hotel Front Area,2,Weekday,0,0,Sunny,0.0,None,2365,Dry Season,24,553.1,505.7
2024-09-11,Event Area,2,Weekday,0,0,Sunny,0.0,None,2734,Dry Season,12,657.9,599.3
2024-09-11,Legian-side Beach Zone,2,Weekday,0,0,Sunny,0.0,None,1689,Dry Season,10,505.8,497.4
2024-09-12,Beachwalk Area,3,Weekday,0,0,Cloudy,1.0,None,2325,Dry Season,29,562.8,544.8
2024-09-12,Main Beach Gate,3,Weekday,0,0,Cloudy,1.0,None,2367,Dry Season,17,458.9,439.6
2024-09-12,Food Vendor Area,3,Weekday,0,0,Cloudy,1.0,None,1383,Dry Season,23,603.4,619.4
2024-09-12,Parking Area,3,Weekday,0,0,Cloudy,1.0,None,1739,Dry Season,15,375.9,422.0
2024-09-12,Hotel Front Area,3,Weekday,0,0,Cloudy,1.0,None,946,Dry Season,22,505.7,385.9
2024-09-12,Event Area,3,Weekday,0,0,Cloudy,1.0,None,1537,Dry Season,27,599.3,619.6
2024-09-12,Legian-side Beach Zone,3,Weekday,0,0,Cloudy,1.0,None,977,Dry Season,17,497.4,452.8
2024-09-13,Beachwalk Area,4,Weekday,0,0,Cloudy,0.7,None,2181,Dry Season,11,544.8,631.0
2024-09-13,Main Beach Gate,4,Weekday,0,0,Cloudy,0.7,None,1507,Dry Season,22,439.6,532.6
2024-09-13,Food Vendor Area,4,Weekday,0,0,Cloudy,0.7,None,1308,Dry Season,26,619.4,482.1
2024-09-13,Parking Area,4,Weekday,0,0,Cloudy,0.7,None,2237,Dry Season,15,422.0,413.0
2024-09-13,Hotel Front Area,4,Weekday,0,0,Cloudy,0.7,None,1367,Dry Season,29,385.9,456.4
2024-09-13,Event Area,4,Weekday,0,0,Cloudy,0.7,None,3148,Dry Season,16,619.6,586.2
2024-09-13,Legian-side Beach Zone,4,Weekday,0,0,Cloudy,0.7,None,1528,Dry Season,9,452.8,422.3
2024-09-14,Beachwalk Area,5,Weekend,1,0,Sunny,0.0,None,2693,Dry Season,20,631.0,788.8
2024-09-14,Main Beach Gate,5,Weekend,1,0,Sunny,0.0,None,1665,Dry Season,15,532.6,556.7
2024-09-14,Food Vendor Area,5,Weekend,1,0,Sunny,0.0,None,2668,Dry Season,29,482.1,708.5
2024-09-14,Parking Area,5,Weekend,1,0,Sunny,0.0,None,1175,Dry Season,8,413.0,429.8
2024-09-14,Hotel Front Area,5,Weekend,1,0,Sunny,0.0,None,1535,Dry Season,17,456.4,438.5
2024-09-14,Event Area,5,Weekend,1,0,Sunny,0.0,None,2174,Dry Season,20,586.2,806.1
2024-09-14,Legian-side Beach Zone,5,Weekend,1,0,Sunny,0.0,None,2800,Dry Season,16,422.3,574.8
2024-09-15,Beachwalk Area,6,Weekend,1,0,Rainy,12.7,None,3881,Dry Season,15,788.8,751.7
2024-09-15,Main Beach Gate,6,Weekend,1,0,Rainy,12.7,None,2908,Dry Season,26,556.7,762.7
2024-09-15,Food Vendor Area,6,Weekend,1,0,Rainy,12.7,None,1042,Dry Season,10,708.5,876.8
2024-09-15,Parking Area,6,Weekend,1,0,Rainy,12.7,None,1335,Dry Season,24,429.8,536.3
2024-09-15,Hotel Front Area,6,Weekend,1,0,Rainy,12.7,None,2230,Dry Season,19,438.5,658.6
2024-09-15,Event Area,6,Weekend,1,0,Rainy,12.7,Music Concert,6115,Dry Season,18,806.1,2165.0
2024-09-15,Legian-side Beach Zone,6,Weekend,1,0,Rainy,12.7,None,1927,Dry Season,15,574.8,518.7
2024-09-16,Beachwalk Area,0,Weekday,0,0,Rainy,22.3,None,1729,Dry Season,27,751.7,775.5
2024-09-16,Main Beach Gate,0,Weekday,0,0,Rainy,22.3,None,1180,Dry Season,16,762.7,586.3
2024-09-16,Food Vendor Area,0,Weekday,0,0,Rainy,22.3,None,1615,Dry Season,13,876.8,777.4
2024-09-16,Parking Area,0,Weekday,0,0,Rainy,22.3,None,1625,Dry Season,26,536.3,392.0
2024-09-16,Hotel Front Area,0,Weekday,0,0,Rainy,22.3,None,1900,Dry Season,28,658.6,524.3
2024-09-16,Event Area,0,Weekday,0,0,Rainy,22.3,None,2122,Dry Season,16,2165.0,1271.0
2024-09-16,Legian-side Beach Zone,0,Weekday,0,0,Rainy,22.3,None,1907,Dry Season,22,518.7,495.1
2024-09-17,Beachwalk Area,1,Weekday,0,0,Rainy,7.7,None,2186,Dry Season,22,775.5,610.6
2024-09-17,Main Beach Gate,1,Weekday,0,0,Rainy,7.7,None,2047,Dry Season,18,586.3,563.9
2024-09-17,Food Vendor Area,1,Weekday,0,0,Rainy,7.7,Sports Event,2594,Dry Season,23,777.4,1064.4
2024-09-17,Parking Area,1,Weekday,0,0,Rainy,7.7,None,1757,Dry Season,18,392.0,413.2
2024-09-17,Hotel Front Area,1,Weekday,0,0,Rainy,7.7,None,1754,Dry Season,19,524.3,521.3
2024-09-17,Event Area,1,Weekday,0,0,Rainy,7.7,Beach Festival,4364,Dry Season,22,1271.0,1455.4
2024-09-17,Legian-side Beach Zone,1,Weekday,0,0,Rainy,7.7,None,2053,Dry Season,21,495.1,468.9
2024-09-18,Beachwalk Area,2,Weekday,0,0,Cloudy,0.9,None,2497,Dry Season,27,610.6,663.5
2024-09-18,Main Beach Gate,2,Weekday,0,0,Cloudy,0.9,Cultural Ceremony,2975,Dry Season,15,563.9,751.3
2024-09-18,Food Vendor Area,2,Weekday,0,0,Cloudy,0.9,None,1624,Dry Season,12,1064.4,726.1
2024-09-18,Parking Area,2,Weekday,0,0,Cloudy,0.9,None,1071,Dry Season,29,413.2,318.3
2024-09-18,Hotel Front Area,2,Weekday,0,0,Cloudy,0.9,None,1504,Dry Season,29,521.3,480.4
2024-09-18,Event Area,2,Weekday,0,0,Cloudy,0.9,Sports Event,3924,Dry Season,10,1455.4,1475.4
2024-09-18,Legian-side Beach Zone,2,Weekday,0,0,Cloudy,0.9,None,2144,Dry Season,18,468.9,481.2
2024-09-19,Beachwalk Area,3,Weekday,0,0,Rainy,12.0,None,3228,Dry Season,22,663.5,596.4
2024-09-19,Main Beach Gate,3,Weekday,0,0,Rainy,12.0,None,2355,Dry Season,12,751.3,619.3
2024-09-19,Food Vendor Area,3,Weekday,0,0,Rainy,12.0,None,1990,Dry Season,9,726.1,750.9
2024-09-19,Parking Area,3,Weekday,0,0,Rainy,12.0,Beach Festival,1281,Dry Season,26,318.3,857.0
2024-09-19,Hotel Front Area,3,Weekday,0,0,Rainy,12.0,None,2435,Dry Season,8,480.4,506.2
2024-09-19,Event Area,3,Weekday,0,0,Rainy,12.0,None,2032,Dry Season,15,1475.4,908.5
2024-09-19,Legian-side Beach Zone,3,Weekday,0,0,Rainy,12.0,Sports Event,5175,Dry Season,11,481.2,768.8
2024-09-20,Beachwalk Area,4,Weekday,0,0,Rainy,10.2,None,3063,Dry Season,19,596.4,751.9
2024-09-20,Main Beach Gate,4,Weekday,0,0,Rainy,10.2,None,1405,Dry Season,19,619.3,510.3
2024-09-20,Food Vendor Area,4,Weekday,0,0,Rainy,10.2,None,1336,Dry Season,19,750.9,673.7
2024-09-20,Parking Area,4,Weekday,0,0,Rainy,10.2,None,925,Dry Season,25,857.0,603.5
2024-09-20,Hotel Front Area,4,Weekday,0,0,Rainy,10.2,None,1427,Dry Season,24,506.2,530.9
2024-09-20,Event Area,4,Weekday,0,0,Rainy,10.2,Music Concert,4642,Dry Season,10,908.5,1751.1
2024-09-20,Legian-side Beach Zone,4,Weekday,0,0,Rainy,10.2,None,2429,Dry Season,25,768.8,637.9
2024-09-21,Beachwalk Area,5,Weekend,1,0,Cloudy,1.1,None,3945,Dry Season,23,751.9,683.5
2024-09-21,Main Beach Gate,5,Weekend,1,0,Cloudy,1.1,None,1641,Dry Season,21,510.3,611.6
2024-09-21,Food Vendor Area,5,Weekend,1,0,Cloudy,1.1,None,2888,Dry Season,26,673.7,693.7
2024-09-21,Parking Area,5,Weekend,1,0,Cloudy,1.1,None,1134,Dry Season,10,603.5,531.0
2024-09-21,Hotel Front Area,5,Weekend,1,0,Cloudy,1.1,Sports Event,3496,Dry Season,17,530.9,1009.0
2024-09-21,Event Area,5,Weekend,1,0,Cloudy,1.1,Beach Festival,4662,Dry Season,27,1751.1,1859.0
2024-09-21,Legian-side Beach Zone,5,Weekend,1,0,Cloudy,1.1,None,2863,Dry Season,26,637.9,495.4
2024-09-22,Beachwalk Area,6,Weekend,1,0,Cloudy,1.2,None,3858,Dry Season,16,683.5,876.2
2024-09-22,Main Beach Gate,6,Weekend,1,0,Cloudy,1.2,None,2392,Dry Season,19,611.6,597.9
2024-09-22,Food Vendor Area,6,Weekend,1,0,Cloudy,1.2,None,2324,Dry Season,25,693.7,744.9
2024-09-22,Parking Area,6,Weekend,1,0,Cloudy,1.2,None,3126,Dry Season,15,531.0,488.5
2024-09-22,Hotel Front Area,6,Weekend,1,0,Cloudy,1.2,None,2857,Dry Season,17,1009.0,642.9
2024-09-22,Event Area,6,Weekend,1,0,Cloudy,1.2,Cultural Ceremony,2868,Dry Season,23,1859.0,1751.4
2024-09-22,Legian-side Beach Zone,6,Weekend,1,0,Cloudy,1.2,None,1752,Dry Season,10,495.4,534.3
2024-09-23,Beachwalk Area,0,Weekday,0,0,Sunny,0.0,None,2630,Dry Season,19,876.2,759.7
2024-09-23,Main Beach Gate,0,Weekday,0,0,Sunny,0.0,Cultural Ceremony,2444,Dry Season,20,597.9,696.2
2024-09-23,Food Vendor Area,0,Weekday,0,0,Sunny,0.0,None,2258,Dry Season,8,744.9,575.5
2024-09-23,Parking Area,0,Weekday,0,0,Sunny,0.0,None,2397,Dry Season,25,488.5,477.1
2024-09-23,Hotel Front Area,0,Weekday,0,0,Sunny,0.0,None,2425,Dry Season,15,642.9,536.0
2024-09-23,Event Area,0,Weekday,0,0,Sunny,0.0,Cultural Ceremony,5121,Dry Season,16,1751.4,1533.0
2024-09-23,Legian-side Beach Zone,0,Weekday,0,0,Sunny,0.0,None,1497,Dry Season,10,534.3,494.2
2024-09-24,Beachwalk Area,1,Weekday,0,0,Cloudy,1.1,Beach Festival,5910,Dry Season,13,759.7,1406.3
2024-09-24,Main Beach Gate,1,Weekday,0,0,Cloudy,1.1,Sports Event,3057,Dry Season,28,696.2,993.1
2024-09-24,Food Vendor Area,1,Weekday,0,0,Cloudy,1.1,None,1389,Dry Season,26,575.5,554.9
2024-09-24,Parking Area,1,Weekday,0,0,Cloudy,1.1,None,1043,Dry Season,16,477.1,398.5
2024-09-24,Hotel Front Area,1,Weekday,0,0,Cloudy,1.1,None,2361,Dry Season,25,536.0,494.8
2024-09-24,Event Area,1,Weekday,0,0,Cloudy,1.1,None,2654,Dry Season,28,1533.0,1005.6
2024-09-24,Legian-side Beach Zone,1,Weekday,0,0,Cloudy,1.1,None,1659,Dry Season,20,494.2,476.6
2024-09-25,Beachwalk Area,2,Weekday,0,0,Sunny,0.0,None,1289,Dry Season,26,1406.3,728.0
2024-09-25,Main Beach Gate,2,Weekday,0,0,Sunny,0.0,None,2061,Dry Season,25,993.1,592.8
2024-09-25,Food Vendor Area,2,Weekday,0,0,Sunny,0.0,None,2096,Dry Season,11,554.9,583.6
2024-09-25,Parking Area,2,Weekday,0,0,Sunny,0.0,None,2172,Dry Season,11,398.5,382.2
2024-09-25,Hotel Front Area,2,Weekday,0,0,Sunny,0.0,None,1934,Dry Season,9,494.8,468.2
2024-09-25,Event Area,2,Weekday,0,0,Sunny,0.0,None,2230,Dry Season,15,1005.6,753.8
2024-09-25,Legian-side Beach Zone,2,Weekday,0,0,Sunny,0.0,None,1056,Dry Season,23,476.6,456.3
2024-09-26,Beachwalk Area,3,Weekday,0,0,Cloudy,0.3,None,3280,Dry Season,13,728.0,805.2
2024-09-26,Main Beach Gate,3,Weekday,0,0,Cloudy,0.3,None,1785,Dry Season,14,592.8,561.0
2024-09-26,Food Vendor Area,3,Weekday,0,0,Cloudy,0.3,None,1992,Dry Season,26,583.6,513.1
2024-09-26,Parking Area,3,Weekday,0,0,Cloudy,0.3,None,2022,Dry Season,26,382.2,367.8
2024-09-26,Hotel Front Area,3,Weekday,0,0,Cloudy,0.3,None,2295,Dry Season,9,468.2,438.1
2024-09-26,Event Area,3,Weekday,0,0,Cloudy,0.3,Beach Festival,4608,Dry Season,24,753.8,1474.0
2024-09-26,Legian-side Beach Zone,3,Weekday,0,0,Cloudy,0.3,None,1560,Dry Season,22,456.3,389.4
2024-09-27,Beachwalk Area,4,Public Holiday,0,1,Sunny,0.0,None,4546,Dry Season,16,805.2,897.4
2024-09-27,Main Beach Gate,4,Public Holiday,0,1,Sunny,0.0,None,3490,Dry Season,25,561.0,700.9
2024-09-27,Food Vendor Area,4,Public Holiday,0,1,Sunny,0.0,Sports Event,5618,Dry Season,10,513.1,1482.5
2024-09-27,Parking Area,4,Public Holiday,0,1,Sunny,0.0,Beach Festival,6330,Dry Season,21,367.8,1183.7
2024-09-27,Hotel Front Area,4,Public Holiday,0,1,Sunny,0.0,Cultural Ceremony,8685,Dry Season,14,438.1,1215.0
2024-09-27,Event Area,4,Public Holiday,0,1,Sunny,0.0,Sports Event,8067,Dry Season,18,1474.0,1625.3
2024-09-27,Legian-side Beach Zone,4,Public Holiday,0,1,Sunny,0.0,None,2845,Dry Season,24,389.4,468.9
2024-09-28,Beachwalk Area,5,Weekend,1,0,Sunny,0.0,None,1710,Dry Season,16,897.4,738.3
2024-09-28,Main Beach Gate,5,Weekend,1,0,Sunny,0.0,None,1857,Dry Season,13,700.9,589.6
2024-09-28,Food Vendor Area,5,Weekend,1,0,Sunny,0.0,None,2315,Dry Season,12,1482.5,906.3
2024-09-28,Parking Area,5,Weekend,1,0,Sunny,0.0,None,2304,Dry Season,22,1183.7,777.1
2024-09-28,Hotel Front Area,5,Weekend,1,0,Sunny,0.0,Cultural Ceremony,3736,Dry Season,23,1215.0,928.5
2024-09-28,Event Area,5,Weekend,1,0,Sunny,0.0,None,1562,Dry Season,20,1625.3,1109.8
2024-09-28,Legian-side Beach Zone,5,Weekend,1,0,Sunny,0.0,None,1088,Dry Season,20,468.9,438.2
2024-09-29,Beachwalk Area,6,Weekend,1,0,Cloudy,0.4,None,4105,Dry Season,23,738.3,747.2
2024-09-29,Main Beach Gate,6,Weekend,1,0,Cloudy,0.4,None,1788,Dry Season,19,589.6,655.8
2024-09-29,Food Vendor Area,6,Weekend,1,0,Cloudy,0.4,Beach Festival,5884,Dry Season,17,906.3,1752.9
2024-09-29,Parking Area,6,Weekend,1,0,Cloudy,0.4,Sports Event,3884,Dry Season,16,777.1,797.3
2024-09-29,Hotel Front Area,6,Weekend,1,0,Cloudy,0.4,None,1584,Dry Season,24,928.5,691.1
2024-09-29,Event Area,6,Weekend,1,0,Cloudy,0.4,Cultural Ceremony,5807,Dry Season,25,1109.8,1491.3
2024-09-29,Legian-side Beach Zone,6,Weekend,1,0,Cloudy,0.4,Cultural Ceremony,6180,Dry Season,18,438.2,815.8
2024-09-30,Beachwalk Area,0,Weekday,0,0,Sunny,0.0,None,1642,Dry Season,23,747.2,666.2
2024-09-30,Main Beach Gate,0,Weekday,0,0,Sunny,0.0,None,1911,Dry Season,16,655.8,503.4
2024-09-30,Food Vendor Area,0,Weekday,0,0,Sunny,0.0,None,1400,Dry Season,22,1752.9,787.9
2024-09-30,Parking Area,0,Weekday,0,0,Sunny,0.0,None,873,Dry Season,19,797.3,492.1
2024-09-30,Hotel Front Area,0,Weekday,0,0,Sunny,0.0,None,1800,Dry Season,20,691.1,443.1
2024-09-30,Event Area,0,Weekday,0,0,Sunny,0.0,Market Day,7291,Dry Season,11,1491.3,1215.0
2024-09-30,Legian-side Beach Zone,0,Weekday,0,0,Sunny,0.0,None,2494,Dry Season,18,815.8,622.3
2024-10-01,Beachwalk Area,1,Weekday,0,0,Sunny,0.0,None,1654,Dry Season,24,666.2,614.9
2024-10-01,Main Beach Gate,1,Weekday,0,0,Sunny,0.0,None,2309,Dry Season,29,503.4,534.2
2024-10-01,Food Vendor Area,1,Weekday,0,0,Sunny,0.0,None,2372,Dry Season,21,787.9,548.8
2024-10-01,Parking Area,1,Weekday,0,0,Sunny,0.0,None,1135,Dry Season,28,492.1,356.1
2024-10-01,Hotel Front Area,1,Weekday,0,0,Sunny,0.0,None,921,Dry Season,24,443.1,474.2
2024-10-01,Event Area,1,Weekday,0,0,Sunny,0.0,Cultural Ceremony,2658,Dry Season,8,1215.0,1257.9
2024-10-01,Legian-side Beach Zone,1,Weekday,0,0,Sunny,0.0,None,2145,Dry Season,24,622.3,517.4
2024-10-02,Beachwalk Area,2,Weekday,0,0,Sunny,0.0,None,1761,Dry Season,23,614.9,671.5
2024-10-02,Main Beach Gate,2,Weekday,0,0,Sunny,0.0,None,1163,Dry Season,15,534.2,433.5
2024-10-02,Food Vendor Area,2,Weekday,0,0,Sunny,0.0,None,1136,Dry Season,14,548.8,517.8
2024-10-02,Parking Area,2,Weekday,0,0,Sunny,0.0,None,1452,Dry Season,26,356.1,381.2
2024-10-02,Hotel Front Area,2,Weekday,0,0,Sunny,0.0,None,1365,Dry Season,15,474.2,473.4
2024-10-02,Event Area,2,Weekday,0,0,Sunny,0.0,None,2196,Dry Season,25,1257.9,844.6
2024-10-02,Legian-side Beach Zone,2,Weekday,0,0,Sunny,0.0,None,2285,Dry Season,23,517.4,390.2
2024-10-03,Beachwalk Area,3,Weekday,0,0,Sunny,0.0,None,2081,Dry Season,21,671.5,630.0
2024-10-03,Main Beach Gate,3,Weekday,0,0,Sunny,0.0,None,1418,Dry Season,23,433.5,420.5
2024-10-03,Food Vendor Area,3,Weekday,0,0,Sunny,0.0,None,933,Dry Season,18,517.8,485.5
2024-10-03,Parking Area,3,Weekday,0,0,Sunny,0.0,Sports Event,1618,Dry Season,12,381.2,661.0
2024-10-03,Hotel Front Area,3,Weekday,0,0,Sunny,0.0,None,1625,Dry Season,24,473.4,387.7
2024-10-03,Event Area,3,Weekday,0,0,Sunny,0.0,None,1898,Dry Season,19,844.6,688.6
2024-10-03,Legian-side Beach Zone,3,Weekday,0,0,Sunny,0.0,None,851,Dry Season,25,390.2,429.2
2024-10-04,Beachwalk Area,4,Weekday,0,0,Sunny,0.0,None,2059,Dry Season,17,630.0,631.5
2024-10-04,Main Beach Gate,4,Weekday,0,0,Sunny,0.0,None,1891,Dry Season,28,420.5,423.9
2024-10-04,Food Vendor Area,4,Weekday,0,0,Sunny,0.0,None,1390,Dry Season,24,485.5,561.7
2024-10-04,Parking Area,4,Weekday,0,0,Sunny,0.0,Cultural Ceremony,2165,Dry Season,8,661.0,683.6
2024-10-04,Hotel Front Area,4,Weekday,0,0,Sunny,0.0,None,1278,Dry Season,19,387.7,451.2
2024-10-04,Event Area,4,Weekday,0,0,Sunny,0.0,None,1772,Dry Season,8,688.6,584.1
2024-10-04,Legian-side Beach Zone,4,Weekday,0,0,Sunny,0.0,None,1187,Dry Season,24,429.2,361.2
2024-10-05,Beachwalk Area,5,Weekend,1,0,Cloudy,0.7,None,3005,Dry Season,16,631.5,689.5
2024-10-05,Main Beach Gate,5,Weekend,1,0,Cloudy,0.7,None,2592,Dry Season,28,423.9,650.6
2024-10-05,Food Vendor Area,5,Weekend,1,0,Cloudy,0.7,None,1420,Dry Season,18,561.7,726.1
2024-10-05,Parking Area,5,Weekend,1,0,Cloudy,0.7,None,1625,Dry Season,8,683.6,640.7
2024-10-05,Hotel Front Area,5,Weekend,1,0,Cloudy,0.7,None,2065,Dry Season,21,451.2,542.0
2024-10-05,Event Area,5,Weekend,1,0,Cloudy,0.7,Sports Event,3530,Dry Season,13,584.1,1517.0
2024-10-05,Legian-side Beach Zone,5,Weekend,1,0,Cloudy,0.7,None,2169,Dry Season,14,361.2,493.0
2024-10-06,Beachwalk Area,6,Weekend,1,0,Rainy,5.8,None,3246,Dry Season,23,689.5,814.5
2024-10-06,Main Beach Gate,6,Weekend,1,0,Rainy,5.8,None,3214,Dry Season,17,650.6,732.7
2024-10-06,Food Vendor Area,6,Weekend,1,0,Rainy,5.8,Music Concert,2901,Dry Season,26,726.1,1741.9
2024-10-06,Parking Area,6,Weekend,1,0,Rainy,5.8,None,1996,Dry Season,9,640.7,592.3
2024-10-06,Hotel Front Area,6,Weekend,1,0,Rainy,5.8,None,1125,Dry Season,14,542.0,552.7
2024-10-06,Event Area,6,Weekend,1,0,Rainy,5.8,Market Day,5502,Dry Season,25,1517.0,1378.3
2024-10-06,Legian-side Beach Zone,6,Weekend,1,0,Rainy,5.8,None,2496,Dry Season,12,493.0,688.2
2024-10-07,Beachwalk Area,0,Weekday,0,0,Stormy,36.2,None,2469,Dry Season,8,814.5,766.0
2024-10-07,Main Beach Gate,0,Weekday,0,0,Stormy,36.2,None,1433,Dry Season,8,732.7,659.2
2024-10-07,Food Vendor Area,0,Weekday,0,0,Stormy,36.2,None,2297,Dry Season,8,1741.9,1193.4
2024-10-07,Parking Area,0,Weekday,0,0,Stormy,36.2,None,1716,Dry Season,20,592.3,423.0
2024-10-07,Hotel Front Area,0,Weekday,0,0,Stormy,36.2,None,1910,Dry Season,25,552.7,590.2
2024-10-07,Event Area,0,Weekday,0,0,Stormy,36.2,Sports Event,5223,Dry Season,10,1378.3,1527.3
2024-10-07,Legian-side Beach Zone,0,Weekday,0,0,Stormy,36.2,None,905,Dry Season,26,688.2,614.9
2024-10-08,Beachwalk Area,1,Weekday,0,0,Rainy,20.8,None,1689,Dry Season,16,766.0,729.5
2024-10-08,Main Beach Gate,1,Weekday,0,0,Rainy,20.8,None,1438,Dry Season,28,659.2,515.7
2024-10-08,Food Vendor Area,1,Weekday,0,0,Rainy,20.8,None,1002,Dry Season,8,1193.4,908.1
2024-10-08,Parking Area,1,Weekday,0,0,Rainy,20.8,None,966,Dry Season,27,423.0,444.5
2024-10-08,Hotel Front Area,1,Weekday,0,0,Rainy,20.8,None,1272,Dry Season,8,590.2,471.5
2024-10-08,Event Area,1,Weekday,0,0,Rainy,20.8,None,3238,Dry Season,16,1527.3,879.3
2024-10-08,Legian-side Beach Zone,1,Weekday,0,0,Rainy,20.8,Sports Event,1556,Dry Season,27,614.9,845.5
2024-10-09,Beachwalk Area,2,Weekday,0,0,Rainy,13.2,None,1488,Dry Season,24,729.5,711.6
2024-10-09,Main Beach Gate,2,Weekday,0,0,Rainy,13.2,None,1792,Dry Season,20,515.7,502.8
2024-10-09,Food Vendor Area,2,Weekday,0,0,Rainy,13.2,None,2295,Dry Season,21,908.1,758.7
2024-10-09,Parking Area,2,Weekday,0,0,Rainy,13.2,None,1854,Dry Season,19,444.5,409.5
2024-10-09,Hotel Front Area,2,Weekday,0,0,Rainy,13.2,None,2392,Dry Season,13,471.5,570.5
2024-10-09,Event Area,2,Weekday,0,0,Rainy,13.2,Sports Event,5284,Dry Season,8,879.3,1479.4
2024-10-09,Legian-side Beach Zone,2,Weekday,0,0,Rainy,13.2,Sports Event,3099,Dry Season,18,845.5,1010.6
2024-10-10,Beachwalk Area,3,Weekday,0,0,Cloudy,1.3,None,2923,Dry Season,16,711.6,578.5
2024-10-10,Main Beach Gate,3,Weekday,0,0,Cloudy,1.3,None,1831,Dry Season,23,502.8,531.7
2024-10-10,Food Vendor Area,3,Weekday,0,0,Cloudy,1.3,None,2336,Dry Season,19,758.7,568.8
2024-10-10,Parking Area,3,Weekday,0,0,Cloudy,1.3,None,1242,Dry Season,23,409.5,417.1
2024-10-10,Hotel Front Area,3,Weekday,0,0,Cloudy,1.3,None,1138,Dry Season,29,570.5,420.9
2024-10-10,Event Area,3,Weekday,0,0,Cloudy,1.3,Beach Festival,3252,Dry Season,15,1479.4,1347.1
2024-10-10,Legian-side Beach Zone,3,Weekday,0,0,Cloudy,1.3,None,1918,Dry Season,8,1010.6,702.4
2024-10-11,Beachwalk Area,4,Weekday,0,0,Rainy,22.0,None,1811,Dry Season,13,578.5,757.2
2024-10-11,Main Beach Gate,4,Weekday,0,0,Rainy,22.0,None,1236,Dry Season,23,531.7,604.7
2024-10-11,Food Vendor Area,4,Weekday,0,0,Rainy,22.0,None,1619,Dry Season,23,568.8,525.3
2024-10-11,Parking Area,4,Weekday,0,0,Rainy,22.0,None,1144,Dry Season,20,417.1,450.8
2024-10-11,Hotel Front Area,4,Weekday,0,0,Rainy,22.0,None,968,Dry Season,10,420.9,512.9
2024-10-11,Event Area,4,Weekday,0,0,Rainy,22.0,None,3339,Dry Season,19,1347.1,826.7
2024-10-11,Legian-side Beach Zone,4,Weekday,0,0,Rainy,22.0,None,1852,Dry Season,14,702.4,585.5
2024-10-12,Beachwalk Area,5,Public Holiday,1,1,Sunny,0.0,None,6498,Dry Season,10,757.2,1278.7
2024-10-12,Main Beach Gate,5,Public Holiday,1,1,Sunny,0.0,None,3505,Dry Season,25,604.7,866.5
2024-10-12,Food Vendor Area,5,Public Holiday,1,1,Sunny,0.0,Cultural Ceremony,6133,Dry Season,16,525.3,1446.6
2024-10-12,Parking Area,5,Public Holiday,1,1,Sunny,0.0,None,2175,Dry Season,29,450.8,637.4
2024-10-12,Hotel Front Area,5,Public Holiday,1,1,Sunny,0.0,None,4747,Dry Season,24,512.9,714.1
2024-10-12,Event Area,5,Public Holiday,1,1,Sunny,0.0,None,5461,Dry Season,28,826.7,1230.7
2024-10-12,Legian-side Beach Zone,5,Public Holiday,1,1,Sunny,0.0,None,4818,Dry Season,8,585.5,871.0
2024-10-13,Beachwalk Area,6,Weekend,1,0,Cloudy,1.3,None,1916,Dry Season,14,1278.7,1034.1
2024-10-13,Main Beach Gate,6,Weekend,1,0,Cloudy,1.3,None,1128,Dry Season,24,866.5,646.4
2024-10-13,Food Vendor Area,6,Weekend,1,0,Cloudy,1.3,None,2640,Dry Season,28,1446.6,999.0
2024-10-13,Parking Area,6,Weekend,1,0,Cloudy,1.3,None,2639,Dry Season,20,637.4,581.4
2024-10-13,Hotel Front Area,6,Weekend,1,0,Cloudy,1.3,None,1847,Dry Season,15,714.1,603.8
2024-10-13,Event Area,6,Weekend,1,0,Cloudy,1.3,None,1734,Dry Season,17,1230.7,983.7
2024-10-13,Legian-side Beach Zone,6,Weekend,1,0,Cloudy,1.3,None,2470,Dry Season,8,871.0,587.8
2024-10-14,Beachwalk Area,0,Weekday,0,0,Rainy,15.6,None,2877,Dry Season,10,1034.1,750.6
2024-10-14,Main Beach Gate,0,Weekday,0,0,Rainy,15.6,None,2154,Dry Season,18,646.4,559.8
2024-10-14,Food Vendor Area,0,Weekday,0,0,Rainy,15.6,None,2272,Dry Season,17,999.0,803.5
2024-10-14,Parking Area,0,Weekday,0,0,Rainy,15.6,None,1058,Dry Season,11,581.4,494.1
2024-10-14,Hotel Front Area,0,Weekday,0,0,Rainy,15.6,None,1546,Dry Season,26,603.8,573.2
2024-10-14,Event Area,0,Weekday,0,0,Rainy,15.6,None,1792,Dry Season,27,983.7,833.2
2024-10-14,Legian-side Beach Zone,0,Weekday,0,0,Rainy,15.6,None,2413,Dry Season,21,587.8,547.0
2024-10-15,Beachwalk Area,1,Weekday,0,0,Rainy,11.8,Music Concert,4606,Dry Season,28,750.6,1459.0
2024-10-15,Main Beach Gate,1,Weekday,0,0,Rainy,11.8,None,1621,Dry Season,17,559.8,484.8
2024-10-15,Food Vendor Area,1,Weekday,0,0,Rainy,11.8,None,1850,Dry Season,13,803.5,818.6
2024-10-15,Parking Area,1,Weekday,0,0,Rainy,11.8,None,2129,Dry Season,26,494.1,406.9
2024-10-15,Hotel Front Area,1,Weekday,0,0,Rainy,11.8,None,1788,Dry Season,9,573.2,490.3
2024-10-15,Event Area,1,Weekday,0,0,Rainy,11.8,Music Concert,5178,Dry Season,18,833.2,1770.0
2024-10-15,Legian-side Beach Zone,1,Weekday,0,0,Rainy,11.8,None,2279,Dry Season,16,547.0,548.4
2024-10-16,Beachwalk Area,2,Weekday,0,0,Sunny,0.0,None,3208,Dry Season,26,1459.0,926.9
2024-10-16,Main Beach Gate,2,Weekday,0,0,Sunny,0.0,Sports Event,3770,Dry Season,26,484.8,831.4
2024-10-16,Food Vendor Area,2,Weekday,0,0,Sunny,0.0,None,1592,Dry Season,27,818.6,674.6
2024-10-16,Parking Area,2,Weekday,0,0,Sunny,0.0,None,1760,Dry Season,11,406.9,367.2
2024-10-16,Hotel Front Area,2,Weekday,0,0,Sunny,0.0,None,2078,Dry Season,13,490.3,450.7
2024-10-16,Event Area,2,Weekday,0,0,Sunny,0.0,None,1776,Dry Season,25,1770.0,1073.2
2024-10-16,Legian-side Beach Zone,2,Weekday,0,0,Sunny,0.0,None,1326,Dry Season,23,548.4,389.4
2024-10-17,Beachwalk Area,3,Weekday,0,0,Sunny,0.0,None,3348,Dry Season,14,926.9,800.1
2024-10-17,Main Beach Gate,3,Weekday,0,0,Sunny,0.0,None,2390,Dry Season,26,831.4,535.2
2024-10-17,Food Vendor Area,3,Weekday,0,0,Sunny,0.0,None,1629,Dry Season,29,674.6,623.3
2024-10-17,Parking Area,3,Weekday,0,0,Sunny,0.0,None,1359,Dry Season,12,367.2,368.7
2024-10-17,Hotel Front Area,3,Weekday,0,0,Sunny,0.0,Music Concert,4431,Dry Season,10,450.7,1037.0
2024-10-17,Event Area,3,Weekday,0,0,Sunny,0.0,None,2112,Dry Season,15,1073.2,710.2
2024-10-17,Legian-side Beach Zone,3,Weekday,0,0,Sunny,0.0,None,1230,Dry Season,15,389.4,370.2
2024-10-18,Beachwalk Area,4,Weekday,0,0,Sunny,0.0,None,3108,Dry Season,28,800.1,700.0
2024-10-18,Main Beach Gate,4,Weekday,0,0,Sunny,0.0,None,1243,Dry Season,8,535.2,516.8
2024-10-18,Food Vendor Area,4,Weekday,0,0,Sunny,0.0,None,2131,Dry Season,16,623.3,494.6
2024-10-18,Parking Area,4,Weekday,0,0,Sunny,0.0,None,2262,Dry Season,19,368.7,346.2
2024-10-18,Hotel Front Area,4,Weekday,0,0,Sunny,0.0,None,823,Dry Season,12,1037.0,713.6
2024-10-18,Event Area,4,Weekday,0,0,Sunny,0.0,None,1573,Dry Season,12,710.2,780.8
2024-10-18,Legian-side Beach Zone,4,Weekday,0,0,Sunny,0.0,None,817,Dry Season,19,370.2,419.5
2024-10-19,Beachwalk Area,5,Weekend,1,0,Sunny,0.0,None,4049,Dry Season,8,700.0,833.8
2024-10-19,Main Beach Gate,5,Weekend,1,0,Sunny,0.0,None,2446,Dry Season,9,516.8,738.1
2024-10-19,Food Vendor Area,5,Weekend,1,0,Sunny,0.0,None,2509,Dry Season,25,494.6,632.7
2024-10-19,Parking Area,5,Weekend,1,0,Sunny,0.0,None,2174,Dry Season,29,346.2,434.3
2024-10-19,Hotel Front Area,5,Weekend,1,0,Sunny,0.0,None,1749,Dry Season,18,713.6,567.2
2024-10-19,Event Area,5,Weekend,1,0,Sunny,0.0,None,1498,Dry Season,23,780.8,705.6
2024-10-19,Legian-side Beach Zone,5,Weekend,1,0,Sunny,0.0,None,2208,Dry Season,29,419.5,556.3
2024-10-20,Beachwalk Area,6,Weekend,1,0,Sunny,0.0,None,2802,Dry Season,29,833.8,846.5
2024-10-20,Main Beach Gate,6,Weekend,1,0,Sunny,0.0,None,3172,Dry Season,10,738.1,721.8
2024-10-20,Food Vendor Area,6,Weekend,1,0,Sunny,0.0,Cultural Ceremony,7446,Dry Season,26,632.7,1293.3
2024-10-20,Parking Area,6,Weekend,1,0,Sunny,0.0,Market Day,5256,Dry Season,17,434.3,748.6
2024-10-20,Hotel Front Area,6,Weekend,1,0,Sunny,0.0,None,2754,Dry Season,26,567.2,573.0
2024-10-20,Event Area,6,Weekend,1,0,Sunny,0.0,None,3987,Dry Season,20,705.6,844.0
2024-10-20,Legian-side Beach Zone,6,Weekend,1,0,Sunny,0.0,None,1692,Dry Season,23,556.3,452.8
2024-10-21,Beachwalk Area,0,Weekday,0,0,Cloudy,0.8,None,1628,Dry Season,17,846.5,652.2
2024-10-21,Main Beach Gate,0,Weekday,0,0,Cloudy,0.8,None,2280,Dry Season,14,721.8,626.2
2024-10-21,Food Vendor Area,0,Weekday,0,0,Cloudy,0.8,None,2470,Dry Season,16,1293.3,749.3
2024-10-21,Parking Area,0,Weekday,0,0,Cloudy,0.8,None,1774,Dry Season,21,748.6,415.2
2024-10-21,Hotel Front Area,0,Weekday,0,0,Cloudy,0.8,None,1717,Dry Season,11,573.0,487.3
2024-10-21,Event Area,0,Weekday,0,0,Cloudy,0.8,None,2588,Dry Season,18,844.0,614.3
2024-10-21,Legian-side Beach Zone,0,Weekday,0,0,Cloudy,0.8,None,1282,Dry Season,20,452.8,454.9
2024-10-22,Beachwalk Area,1,Weekday,0,0,Sunny,0.0,None,2349,Dry Season,12,652.2,645.8
2024-10-22,Main Beach Gate,1,Weekday,0,0,Sunny,0.0,None,1558,Dry Season,10,626.2,552.8
2024-10-22,Food Vendor Area,1,Weekday,0,0,Sunny,0.0,None,2107,Dry Season,14,749.3,699.2
2024-10-22,Parking Area,1,Weekday,0,0,Sunny,0.0,None,2356,Dry Season,27,415.2,387.0
2024-10-22,Hotel Front Area,1,Weekday,0,0,Sunny,0.0,None,2162,Dry Season,20,487.3,454.7
2024-10-22,Event Area,1,Weekday,0,0,Sunny,0.0,Market Day,3509,Dry Season,22,614.3,966.4
2024-10-22,Legian-side Beach Zone,1,Weekday,0,0,Sunny,0.0,None,938,Dry Season,10,454.9,426.5
2024-10-23,Beachwalk Area,2,Weekday,0,0,Cloudy,1.2,None,1871,Dry Season,20,645.8,540.2
2024-10-23,Main Beach Gate,2,Weekday,0,0,Cloudy,1.2,None,2304,Dry Season,14,552.8,593.4
2024-10-23,Food Vendor Area,2,Weekday,0,0,Cloudy,1.2,None,1715,Dry Season,26,699.2,562.6
2024-10-23,Parking Area,2,Weekday,0,0,Cloudy,1.2,None,1681,Dry Season,28,387.0,406.1
2024-10-23,Hotel Front Area,2,Weekday,0,0,Cloudy,1.2,None,1965,Dry Season,11,454.7,512.7
2024-10-23,Event Area,2,Weekday,0,0,Cloudy,1.2,None,3379,Dry Season,13,966.4,786.0
2024-10-23,Legian-side Beach Zone,2,Weekday,0,0,Cloudy,1.2,None,1004,Dry Season,13,426.5,478.3
2024-10-24,Beachwalk Area,3,Weekday,0,0,Sunny,0.0,None,2699,Dry Season,16,540.2,536.6
2024-10-24,Main Beach Gate,3,Weekday,0,0,Sunny,0.0,None,1484,Dry Season,19,593.4,552.7
2024-10-24,Food Vendor Area,3,Weekday,0,0,Sunny,0.0,None,2492,Dry Season,9,562.6,693.9
2024-10-24,Parking Area,3,Weekday,0,0,Sunny,0.0,Music Concert,2544,Dry Season,14,406.1,779.2
2024-10-24,Hotel Front Area,3,Weekday,0,0,Sunny,0.0,Sports Event,3842,Dry Season,11,512.7,926.6
2024-10-24,Event Area,3,Weekday,0,0,Sunny,0.0,Market Day,2808,Dry Season,26,786.0,1031.2
2024-10-24,Legian-side Beach Zone,3,Weekday,0,0,Sunny,0.0,None,1938,Dry Season,28,478.3,391.9
2024-10-25,Beachwalk Area,4,Weekday,0,0,Rainy,15.3,None,3253,Dry Season,16,536.6,710.1
2024-10-25,Main Beach Gate,4,Weekday,0,0,Rainy,15.3,None,926,Dry Season,12,552.7,526.8
2024-10-25,Food Vendor Area,4,Weekday,0,0,Rainy,15.3,None,807,Dry Season,27,693.9,624.4
2024-10-25,Parking Area,4,Weekday,0,0,Rainy,15.3,None,2498,Dry Season,29,779.2,569.9
2024-10-25,Hotel Front Area,4,Weekday,0,0,Rainy,15.3,None,1725,Dry Season,29,926.6,697.0
2024-10-25,Event Area,4,Weekday,0,0,Rainy,15.3,None,1390,Dry Season,9,1031.2,869.4
2024-10-25,Legian-side Beach Zone,4,Weekday,0,0,Rainy,15.3,None,1654,Dry Season,25,391.9,389.6
2024-10-26,Beachwalk Area,5,Weekend,1,0,Cloudy,1.4,Cultural Ceremony,7180,Dry Season,27,710.1,1344.4
2024-10-26,Main Beach Gate,5,Weekend,1,0,Cloudy,1.4,None,2484,Dry Season,9,526.8,722.6
2024-10-26,Food Vendor Area,5,Weekend,1,0,Cloudy,1.4,None,3218,Dry Season,11,624.4,698.4
2024-10-26,Parking Area,5,Weekend,1,0,Cloudy,1.4,None,1692,Dry Season,15,569.9,493.7
2024-10-26,Hotel Front Area,5,Weekend,1,0,Cloudy,1.4,None,3214,Dry Season,19,697.0,696.0
2024-10-26,Event Area,5,Weekend,1,0,Cloudy,1.4,None,4487,Dry Season,27,869.4,887.8
2024-10-26,Legian-side Beach Zone,5,Weekend,1,0,Cloudy,1.4,None,1249,Dry Season,12,389.6,431.8
2024-10-27,Beachwalk Area,6,Weekend,1,0,Rainy,21.4,Sports Event,4323,Dry Season,28,1344.4,1428.9
2024-10-27,Main Beach Gate,6,Weekend,1,0,Rainy,21.4,None,2181,Dry Season,13,722.6,738.0
2024-10-27,Food Vendor Area,6,Weekend,1,0,Rainy,21.4,None,3224,Dry Season,8,698.4,799.8
2024-10-27,Parking Area,6,Weekend,1,0,Rainy,21.4,Music Concert,3812,Dry Season,12,493.7,1346.5
2024-10-27,Hotel Front Area,6,Weekend,1,0,Rainy,21.4,Sports Event,4260,Dry Season,26,696.0,987.2
2024-10-27,Event Area,6,Weekend,1,0,Rainy,21.4,None,3339,Dry Season,20,887.8,998.3
2024-10-27,Legian-side Beach Zone,6,Weekend,1,0,Rainy,21.4,None,2546,Dry Season,11,431.8,628.6
2024-10-28,Beachwalk Area,0,Weekday,0,0,Sunny,0.0,None,3005,Dry Season,27,1428.9,852.4
2024-10-28,Main Beach Gate,0,Weekday,0,0,Sunny,0.0,None,1844,Dry Season,12,738.0,540.1
2024-10-28,Food Vendor Area,0,Weekday,0,0,Sunny,0.0,Beach Festival,2586,Dry Season,9,799.8,1122.0
2024-10-28,Parking Area,0,Weekday,0,0,Sunny,0.0,None,2401,Dry Season,16,1346.5,627.5
2024-10-28,Hotel Front Area,0,Weekday,0,0,Sunny,0.0,None,1646,Dry Season,17,987.2,573.4
2024-10-28,Event Area,0,Weekday,0,0,Sunny,0.0,None,3262,Dry Season,24,998.3,823.3
2024-10-28,Legian-side Beach Zone,0,Weekday,0,0,Sunny,0.0,None,1768,Dry Season,23,628.6,470.2
2024-10-29,Beachwalk Area,1,Weekday,0,0,Cloudy,0.8,None,3022,Dry Season,11,852.4,683.4
2024-10-29,Main Beach Gate,1,Weekday,0,0,Cloudy,0.8,None,2044,Dry Season,13,540.1,488.0
2024-10-29,Food Vendor Area,1,Weekday,0,0,Cloudy,0.8,None,1570,Dry Season,27,1122.0,700.0
2024-10-29,Parking Area,1,Weekday,0,0,Cloudy,0.8,None,1758,Dry Season,8,627.5,439.3
2024-10-29,Hotel Front Area,1,Weekday,0,0,Cloudy,0.8,None,1131,Dry Season,21,573.4,446.0
2024-10-29,Event Area,1,Weekday,0,0,Cloudy,0.8,None,3487,Dry Season,14,823.3,864.0
2024-10-29,Legian-side Beach Zone,1,Weekday,0,0,Cloudy,0.8,None,1027,Dry Season,9,470.2,458.8
2024-10-30,Beachwalk Area,2,Weekday,0,0,Cloudy,0.3,None,1177,Dry Season,24,683.4,604.6
2024-10-30,Main Beach Gate,2,Weekday,0,0,Cloudy,0.3,None,865,Dry Season,14,488.0,476.8
2024-10-30,Food Vendor Area,2,Weekday,0,0,Cloudy,0.3,None,1208,Dry Season,23,700.0,548.5
2024-10-30,Parking Area,2,Weekday,0,0,Cloudy,0.3,None,1450,Dry Season,14,439.3,430.8
2024-10-30,Hotel Front Area,2,Weekday,0,0,Cloudy,0.3,None,1791,Dry Season,20,446.0,406.2
2024-10-30,Event Area,2,Weekday,0,0,Cloudy,0.3,None,3409,Dry Season,26,864.0,727.2
2024-10-30,Legian-side Beach Zone,2,Weekday,0,0,Cloudy,0.3,None,1285,Dry Season,12,458.8,441.2
2024-10-31,Beachwalk Area,3,Weekday,0,0,Rainy,7.7,None,1472,Dry Season,16,604.6,684.1
2024-10-31,Main Beach Gate,3,Weekday,0,0,Rainy,7.7,None,2031,Dry Season,17,476.8,526.2
2024-10-31,Food Vendor Area,3,Weekday,0,0,Rainy,7.7,None,1065,Dry Season,13,548.5,641.6
2024-10-31,Parking Area,3,Weekday,0,0,Rainy,7.7,None,1253,Dry Season,22,430.8,382.4
2024-10-31,Hotel Front Area,3,Weekday,0,0,Rainy,7.7,None,1820,Dry Season,11,406.2,440.8
2024-10-31,Event Area,3,Weekday,0,0,Rainy,7.7,None,3078,Dry Season,26,727.2,663.4
2024-10-31,Legian-side Beach Zone,3,Weekday,0,0,Rainy,7.7,None,1381,Dry Season,18,441.2,475.2
2024-11-01,Beachwalk Area,4,Weekday,0,0,Rainy,14.6,None,2352,Wet Season,16,684.1,807.2
2024-11-01,Main Beach Gate,4,Weekday,0,0,Rainy,14.6,None,853,Wet Season,26,526.2,484.1
2024-11-01,Food Vendor Area,4,Weekday,0,0,Rainy,14.6,None,1632,Wet Season,11,641.6,728.5
2024-11-01,Parking Area,4,Weekday,0,0,Rainy,14.6,None,1714,Wet Season,13,382.4,519.5
2024-11-01,Hotel Front Area,4,Weekday,0,0,Rainy,14.6,None,1290,Wet Season,28,440.8,417.8
2024-11-01,Event Area,4,Weekday,0,0,Rainy,14.6,None,1467,Wet Season,18,663.4,613.6
2024-11-01,Legian-side Beach Zone,4,Weekday,0,0,Rainy,14.6,None,1623,Wet Season,19,475.2,431.9
2024-11-02,Beachwalk Area,5,Weekend,1,0,Cloudy,1.9,None,1471,Wet Season,13,807.2,818.8
2024-11-02,Main Beach Gate,5,Weekend,1,0,Cloudy,1.9,None,2017,Wet Season,29,484.1,576.6
2024-11-02,Food Vendor Area,5,Weekend,1,0,Cloudy,1.9,None,2910,Wet Season,23,728.5,661.4
2024-11-02,Parking Area,5,Weekend,1,0,Cloudy,1.9,None,3081,Wet Season,8,519.5,641.2
2024-11-02,Hotel Front Area,5,Weekend,1,0,Cloudy,1.9,None,2002,Wet Season,21,417.8,522.2
2024-11-02,Event Area,5,Weekend,1,0,Cloudy,1.9,None,1848,Wet Season,9,613.6,909.4
2024-11-02,Legian-side Beach Zone,5,Weekend,1,0,Cloudy,1.9,None,2046,Wet Season,23,431.9,443.3
2024-11-03,Beachwalk Area,6,Weekend,1,0,Rainy,12.6,None,3521,Wet Season,26,818.8,865.3
2024-11-03,Main Beach Gate,6,Weekend,1,0,Rainy,12.6,None,1426,Wet Season,29,576.6,618.4
2024-11-03,Food Vendor Area,6,Weekend,1,0,Rainy,12.6,None,1391,Wet Season,8,661.4,753.3
2024-11-03,Parking Area,6,Weekend,1,0,Rainy,12.6,None,1115,Wet Season,22,641.2,583.8
2024-11-03,Hotel Front Area,6,Weekend,1,0,Rainy,12.6,None,1973,Wet Season,28,522.2,622.7
2024-11-03,Event Area,6,Weekend,1,0,Rainy,12.6,Market Day,3760,Wet Season,11,909.4,1251.3
2024-11-03,Legian-side Beach Zone,6,Weekend,1,0,Rainy,12.6,Cultural Ceremony,6876,Wet Season,9,443.3,1054.3
2024-11-04,Beachwalk Area,0,Weekday,0,0,Cloudy,1.3,None,1797,Wet Season,10,865.3,831.5
2024-11-04,Main Beach Gate,0,Weekday,0,0,Cloudy,1.3,None,2235,Wet Season,25,618.4,508.7
2024-11-04,Food Vendor Area,0,Weekday,0,0,Cloudy,1.3,None,1759,Wet Season,23,753.3,585.2
2024-11-04,Parking Area,0,Weekday,0,0,Cloudy,1.3,None,1319,Wet Season,28,583.8,384.8
2024-11-04,Hotel Front Area,0,Weekday,0,0,Cloudy,1.3,None,2393,Wet Season,19,622.7,444.5
2024-11-04,Event Area,0,Weekday,0,0,Cloudy,1.3,None,1744,Wet Season,17,1251.3,864.4
2024-11-04,Legian-side Beach Zone,0,Weekday,0,0,Cloudy,1.3,None,2127,Wet Season,16,1054.3,664.7
2024-11-05,Beachwalk Area,1,Weekday,0,0,Cloudy,0.2,Cultural Ceremony,5419,Wet Season,23,831.5,974.0
2024-11-05,Main Beach Gate,1,Weekday,0,0,Cloudy,0.2,Beach Festival,3053,Wet Season,9,508.7,1061.0
2024-11-05,Food Vendor Area,1,Weekday,0,0,Cloudy,0.2,None,2479,Wet Season,26,585.2,567.1
2024-11-05,Parking Area,1,Weekday,0,0,Cloudy,0.2,None,938,Wet Season,19,384.8,416.2
2024-11-05,Hotel Front Area,1,Weekday,0,0,Cloudy,0.2,None,1054,Wet Season,28,444.5,497.3
2024-11-05,Event Area,1,Weekday,0,0,Cloudy,0.2,None,1247,Wet Season,12,864.4,747.0
2024-11-05,Legian-side Beach Zone,1,Weekday,0,0,Cloudy,0.2,None,1666,Wet Season,15,664.7,530.5
2024-11-06,Beachwalk Area,2,Weekday,0,0,Cloudy,0.0,None,1384,Wet Season,29,974.0,658.1
2024-11-06,Main Beach Gate,2,Weekday,0,0,Cloudy,0.0,Sports Event,2452,Wet Season,26,1061.0,1098.1
2024-11-06,Food Vendor Area,2,Weekday,0,0,Cloudy,0.0,None,1142,Wet Season,17,567.1,644.9
2024-11-06,Parking Area,2,Weekday,0,0,Cloudy,0.0,None,945,Wet Season,10,416.2,393.8
2024-11-06,Hotel Front Area,2,Weekday,0,0,Cloudy,0.0,None,1110,Wet Season,19,497.3,393.1
2024-11-06,Event Area,2,Weekday,0,0,Cloudy,0.0,Beach Festival,3043,Wet Season,16,747.0,1296.9
2024-11-06,Legian-side Beach Zone,2,Weekday,0,0,Cloudy,0.0,Music Concert,3674,Wet Season,19,530.5,998.3
2024-11-07,Beachwalk Area,3,Weekday,0,0,Stormy,24.4,None,1931,Wet Season,21,658.1,653.7
2024-11-07,Main Beach Gate,3,Weekday,0,0,Stormy,24.4,None,1500,Wet Season,11,1098.1,917.7
2024-11-07,Food Vendor Area,3,Weekday,0,0,Stormy,24.4,None,1140,Wet Season,18,644.9,609.6
2024-11-07,Parking Area,3,Weekday,0,0,Stormy,24.4,None,1263,Wet Season,28,393.8,490.1
2024-11-07,Hotel Front Area,3,Weekday,0,0,Stormy,24.4,Sports Event,2721,Wet Season,19,393.1,859.4
2024-11-07,Event Area,3,Weekday,0,0,Stormy,24.4,None,2714,Wet Season,16,1296.9,960.4
2024-11-07,Legian-side Beach Zone,3,Weekday,0,0,Stormy,24.4,None,1951,Wet Season,13,998.3,678.2
2024-11-08,Beachwalk Area,4,Weekday,0,0,Stormy,38.8,None,2585,Wet Season,23,653.7,689.3
2024-11-08,Main Beach Gate,4,Weekday,0,0,Stormy,38.8,None,1012,Wet Season,11,917.7,803.4
2024-11-08,Food Vendor Area,4,Weekday,0,0,Stormy,38.8,None,1147,Wet Season,24,609.6,691.2
2024-11-08,Parking Area,4,Weekday,0,0,Stormy,38.8,None,2400,Wet Season,27,490.1,522.0
2024-11-08,Hotel Front Area,4,Weekday,0,0,Stormy,38.8,None,1265,Wet Season,10,859.4,666.2
2024-11-08,Event Area,4,Weekday,0,0,Stormy,38.8,Music Concert,4993,Wet Season,15,960.4,1750.9
2024-11-08,Legian-side Beach Zone,4,Weekday,0,0,Stormy,38.8,None,2295,Wet Season,26,678.2,508.8
2024-11-09,Beachwalk Area,5,Weekend,1,0,Rainy,16.2,None,4416,Wet Season,20,689.3,923.1
2024-11-09,Main Beach Gate,5,Weekend,1,0,Rainy,16.2,Market Day,5460,Wet Season,26,803.4,1208.4
2024-11-09,Food Vendor Area,5,Weekend,1,0,Rainy,16.2,None,3248,Wet Season,13,691.2,852.5
2024-11-09,Parking Area,5,Weekend,1,0,Rainy,16.2,None,1433,Wet Season,12,522.0,578.0
2024-11-09,Hotel Front Area,5,Weekend,1,0,Rainy,16.2,None,3094,Wet Season,21,666.2,676.3
2024-11-09,Event Area,5,Weekend,1,0,Rainy,16.2,Market Day,3886,Wet Season,19,1750.9,1538.0
2024-11-09,Legian-side Beach Zone,5,Weekend,1,0,Rainy,16.2,None,2020,Wet Season,19,508.8,566.1
2024-11-10,Beachwalk Area,6,Weekend,1,0,Rainy,7.7,Sports Event,6897,Wet Season,23,923.1,1734.9
2024-11-10,Main Beach Gate,6,Weekend,1,0,Rainy,7.7,None,3220,Wet Season,22,1208.4,894.7
2024-11-10,Food Vendor Area,6,Weekend,1,0,Rainy,7.7,None,1922,Wet Season,26,852.5,897.9
2024-11-10,Parking Area,6,Weekend,1,0,Rainy,7.7,Beach Festival,4478,Wet Season,18,578.0,994.5
2024-11-10,Hotel Front Area,6,Weekend,1,0,Rainy,7.7,None,1080,Wet Season,21,676.3,584.7
2024-11-10,Event Area,6,Weekend,1,0,Rainy,7.7,Music Concert,3239,Wet Season,28,1538.0,1953.3
2024-11-10,Legian-side Beach Zone,6,Weekend,1,0,Rainy,7.7,None,1342,Wet Season,19,566.1,628.8
2024-11-11,Beachwalk Area,0,Weekday,0,0,Rainy,22.2,Cultural Ceremony,3132,Wet Season,24,1734.9,1493.6
2024-11-11,Main Beach Gate,0,Weekday,0,0,Rainy,22.2,None,2280,Wet Season,22,894.7,720.2
2024-11-11,Food Vendor Area,0,Weekday,0,0,Rainy,22.2,None,2432,Wet Season,23,897.9,707.6
2024-11-11,Parking Area,0,Weekday,0,0,Rainy,22.2,None,1351,Wet Season,24,994.5,604.5
2024-11-11,Hotel Front Area,0,Weekday,0,0,Rainy,22.2,None,1044,Wet Season,28,584.7,509.8
2024-11-11,Event Area,0,Weekday,0,0,Rainy,22.2,None,2305,Wet Season,26,1953.3,948.7
2024-11-11,Legian-side Beach Zone,0,Weekday,0,0,Rainy,22.2,None,1841,Wet Season,23,628.8,524.5
2024-11-12,Beachwalk Area,1,Weekday,0,0,Cloudy,1.7,None,2140,Wet Season,29,1493.6,932.3
2024-11-12,Main Beach Gate,1,Weekday,0,0,Cloudy,1.7,None,1102,Wet Season,29,720.2,562.1
2024-11-12,Food Vendor Area,1,Weekday,0,0,Cloudy,1.7,None,823,Wet Season,22,707.6,565.0
2024-11-12,Parking Area,1,Weekday,0,0,Cloudy,1.7,Market Day,4867,Wet Season,16,604.5,611.4
2024-11-12,Hotel Front Area,1,Weekday,0,0,Cloudy,1.7,None,1171,Wet Season,15,509.8,512.8
2024-11-12,Event Area,1,Weekday,0,0,Cloudy,1.7,None,1653,Wet Season,8,948.7,889.0
2024-11-12,Legian-side Beach Zone,1,Weekday,0,0,Cloudy,1.7,None,2100,Wet Season,8,524.5,449.9
2024-11-13,Beachwalk Area,2,Weekday,0,0,Cloudy,0.8,None,2448,Wet Season,23,932.3,834.1
2024-11-13,Main Beach Gate,2,Weekday,0,0,Cloudy,0.8,None,986,Wet Season,13,562.1,466.1
2024-11-13,Food Vendor Area,2,Weekday,0,0,Cloudy,0.8,None,2229,Wet Season,24,565.0,530.9
2024-11-13,Parking Area,2,Weekday,0,0,Cloudy,0.8,None,1751,Wet Season,14,611.4,511.9
2024-11-13,Hotel Front Area,2,Weekday,0,0,Cloudy,0.8,None,2383,Wet Season,28,512.8,547.4
2024-11-13,Event Area,2,Weekday,0,0,Cloudy,0.8,None,1573,Wet Season,20,889.0,702.8
2024-11-13,Legian-side Beach Zone,2,Weekday,0,0,Cloudy,0.8,None,2292,Wet Season,12,449.9,471.0
2024-11-14,Beachwalk Area,3,Weekday,0,0,Rainy,5.5,None,3274,Wet Season,28,834.1,820.9
2024-11-14,Main Beach Gate,3,Weekday,0,0,Rainy,5.5,None,1454,Wet Season,28,466.1,525.9
2024-11-14,Food Vendor Area,3,Weekday,0,0,Rainy,5.5,None,1092,Wet Season,17,530.9,574.0
2024-11-14,Parking Area,3,Weekday,0,0,Rainy,5.5,None,2147,Wet Season,28,511.9,467.3
2024-11-14,Hotel Front Area,3,Weekday,0,0,Rainy,5.5,None,1715,Wet Season,12,547.4,496.7
2024-11-14,Event Area,3,Weekday,0,0,Rainy,5.5,None,2877,Wet Season,14,702.8,761.7
2024-11-14,Legian-side Beach Zone,3,Weekday,0,0,Rainy,5.5,None,2478,Wet Season,21,471.0,552.1
2024-11-15,Beachwalk Area,4,Weekday,0,0,Sunny,0.0,None,1626,Wet Season,24,820.9,661.3
2024-11-15,Main Beach Gate,4,Weekday,0,0,Sunny,0.0,None,1803,Wet Season,23,525.9,453.3
2024-11-15,Food Vendor Area,4,Weekday,0,0,Sunny,0.0,None,826,Wet Season,16,574.0,502.8
2024-11-15,Parking Area,4,Weekday,0,0,Sunny,0.0,None,980,Wet Season,27,467.3,395.2
2024-11-15,Hotel Front Area,4,Weekday,0,0,Sunny,0.0,None,2083,Wet Season,12,496.7,478.6
2024-11-15,Event Area,4,Weekday,0,0,Sunny,0.0,Sports Event,3088,Wet Season,11,761.7,1099.6
2024-11-15,Legian-side Beach Zone,4,Weekday,0,0,Sunny,0.0,None,1041,Wet Season,28,552.1,421.6
2024-11-16,Beachwalk Area,5,Weekend,1,0,Cloudy,1.3,None,2668,Wet Season,25,661.3,835.5
2024-11-16,Main Beach Gate,5,Weekend,1,0,Cloudy,1.3,None,1371,Wet Season,24,453.3,640.3
2024-11-16,Food Vendor Area,5,Weekend,1,0,Cloudy,1.3,Cultural Ceremony,5757,Wet Season,22,502.8,1196.0
2024-11-16,Parking Area,5,Weekend,1,0,Cloudy,1.3,None,2706,Wet Season,13,395.2,505.4
2024-11-16,Hotel Front Area,5,Weekend,1,0,Cloudy,1.3,None,2095,Wet Season,18,478.6,557.8
2024-11-16,Event Area,5,Weekend,1,0,Cloudy,1.3,Beach Festival,3239,Wet Season,28,1099.6,1850.7
2024-11-16,Legian-side Beach Zone,5,Weekend,1,0,Cloudy,1.3,None,2715,Wet Season,15,421.6,522.6
2024-11-17,Beachwalk Area,6,Weekend,1,0,Rainy,18.7,None,3304,Wet Season,17,835.5,1020.7
2024-11-17,Main Beach Gate,6,Weekend,1,0,Rainy,18.7,None,2106,Wet Season,28,640.3,828.8
2024-11-17,Food Vendor Area,6,Weekend,1,0,Rainy,18.7,Sports Event,2509,Wet Season,22,1196.0,1578.3
2024-11-17,Parking Area,6,Weekend,1,0,Rainy,18.7,Sports Event,5224,Wet Season,10,505.4,1161.9
2024-11-17,Hotel Front Area,6,Weekend,1,0,Rainy,18.7,Cultural Ceremony,2066,Wet Season,14,557.8,1022.4
2024-11-17,Event Area,6,Weekend,1,0,Rainy,18.7,None,1879,Wet Season,29,1850.7,1355.5
2024-11-17,Legian-side Beach Zone,6,Weekend,1,0,Rainy,18.7,None,2678,Wet Season,21,522.6,668.3
2024-11-18,Beachwalk Area,0,Weekday,0,0,Rainy,23.9,None,1671,Wet Season,22,1020.7,765.5
2024-11-18,Main Beach Gate,0,Weekday,0,0,Rainy,23.9,None,2047,Wet Season,12,828.8,717.3
2024-11-18,Food Vendor Area,0,Weekday,0,0,Rainy,23.9,None,897,Wet Season,12,1578.3,1083.2
2024-11-18,Parking Area,0,Weekday,0,0,Rainy,23.9,None,1049,Wet Season,19,1161.9,671.3
2024-11-18,Hotel Front Area,0,Weekday,0,0,Rainy,23.9,None,2443,Wet Season,19,1022.4,698.9
2024-11-18,Event Area,0,Weekday,0,0,Rainy,23.9,None,1472,Wet Season,11,1355.5,973.8
2024-11-18,Legian-side Beach Zone,0,Weekday,0,0,Rainy,23.9,None,2479,Wet Season,17,668.3,623.3
2024-11-19,Beachwalk Area,1,Weekday,0,0,Rainy,13.2,Sports Event,2994,Wet Season,17,765.5,1032.0
2024-11-19,Main Beach Gate,1,Weekday,0,0,Rainy,13.2,None,1910,Wet Season,25,717.3,687.9
2024-11-19,Food Vendor Area,1,Weekday,0,0,Rainy,13.2,None,2089,Wet Season,22,1083.2,793.1
2024-11-19,Parking Area,1,Weekday,0,0,Rainy,13.2,None,1958,Wet Season,23,671.3,515.0
2024-11-19,Hotel Front Area,1,Weekday,0,0,Rainy,13.2,None,1467,Wet Season,26,698.9,503.0
2024-11-19,Event Area,1,Weekday,0,0,Rainy,13.2,Market Day,5580,Wet Season,22,973.8,1135.5
2024-11-19,Legian-side Beach Zone,1,Weekday,0,0,Rainy,13.2,None,1266,Wet Season,11,623.3,577.0
2024-11-20,Beachwalk Area,2,Weekday,0,0,Cloudy,1.2,None,1533,Wet Season,8,1032.0,727.9
2024-11-20,Main Beach Gate,2,Weekday,0,0,Cloudy,1.2,Cultural Ceremony,4558,Wet Season,10,687.9,831.8
2024-11-20,Food Vendor Area,2,Weekday,0,0,Cloudy,1.2,None,2155,Wet Season,10,793.1,686.0
2024-11-20,Parking Area,2,Weekday,0,0,Cloudy,1.2,None,2421,Wet Season,13,515.0,434.7
2024-11-20,Hotel Front Area,2,Weekday,0,0,Cloudy,1.2,None,1988,Wet Season,20,503.0,508.7
2024-11-20,Event Area,2,Weekday,0,0,Cloudy,1.2,None,2146,Wet Season,18,1135.5,853.2
2024-11-20,Legian-side Beach Zone,2,Weekday,0,0,Cloudy,1.2,None,859,Wet Season,9,577.0,508.9
2024-11-21,Beachwalk Area,3,Weekday,0,0,Rainy,22.8,None,3315,Wet Season,19,727.9,790.9
2024-11-21,Main Beach Gate,3,Weekday,0,0,Rainy,22.8,None,2115,Wet Season,24,831.8,704.7
2024-11-21,Food Vendor Area,3,Weekday,0,0,Rainy,22.8,None,1675,Wet Season,8,686.0,805.8
2024-11-21,Parking Area,3,Weekday,0,0,Rainy,22.8,None,1618,Wet Season,24,434.7,399.2
2024-11-21,Hotel Front Area,3,Weekday,0,0,Rainy,22.8,None,2011,Wet Season,18,508.7,467.8
2024-11-21,Event Area,3,Weekday,0,0,Rainy,22.8,None,3190,Wet Season,27,853.2,772.3
2024-11-21,Legian-side Beach Zone,3,Weekday,0,0,Rainy,22.8,None,1953,Wet Season,18,508.9,438.5
2024-11-22,Beachwalk Area,4,Weekday,0,0,Rainy,17.0,None,1856,Wet Season,9,790.9,839.4
2024-11-22,Main Beach Gate,4,Weekday,0,0,Rainy,17.0,Beach Festival,4817,Wet Season,12,704.7,1198.4
2024-11-22,Food Vendor Area,4,Weekday,0,0,Rainy,17.0,None,2337,Wet Season,19,805.8,650.7
2024-11-22,Parking Area,4,Weekday,0,0,Rainy,17.0,None,1133,Wet Season,29,399.2,459.4
2024-11-22,Hotel Front Area,4,Weekday,0,0,Rainy,17.0,None,1431,Wet Season,29,467.8,491.9
2024-11-22,Event Area,4,Weekday,0,0,Rainy,17.0,Market Day,2709,Wet Season,27,772.3,943.2
2024-11-22,Legian-side Beach Zone,4,Weekday,0,0,Rainy,17.0,None,2080,Wet Season,12,438.5,458.9
2024-11-23,Beachwalk Area,5,Weekend,1,0,Cloudy,0.3,None,2340,Wet Season,29,839.4,705.6
2024-11-23,Main Beach Gate,5,Weekend,1,0,Cloudy,0.3,None,2377,Wet Season,28,1198.4,792.2
2024-11-23,Food Vendor Area,5,Weekend,1,0,Cloudy,0.3,Sports Event,4848,Wet Season,27,650.7,1189.5
2024-11-23,Parking Area,5,Weekend,1,0,Cloudy,0.3,Market Day,4673,Wet Season,28,459.4,646.2
2024-11-23,Hotel Front Area,5,Weekend,1,0,Cloudy,0.3,None,2161,Wet Season,12,491.9,682.9
2024-11-23,Event Area,5,Weekend,1,0,Cloudy,0.3,None,2840,Wet Season,27,943.2,834.0
2024-11-23,Legian-side Beach Zone,5,Weekend,1,0,Cloudy,0.3,Sports Event,6305,Wet Season,26,458.9,962.5
2024-11-24,Beachwalk Area,6,Weekend,1,0,Cloudy,0.3,None,4147,Wet Season,27,705.6,798.2
2024-11-24,Main Beach Gate,6,Weekend,1,0,Cloudy,0.3,None,2414,Wet Season,23,792.2,647.9
2024-11-24,Food Vendor Area,6,Weekend,1,0,Cloudy,0.3,None,2571,Wet Season,21,1189.5,850.2
2024-11-24,Parking Area,6,Weekend,1,0,Cloudy,0.3,None,2355,Wet Season,22,646.2,527.9
2024-11-24,Hotel Front Area,6,Weekend,1,0,Cloudy,0.3,None,2919,Wet Season,29,682.9,594.7
2024-11-24,Event Area,6,Weekend,1,0,Cloudy,0.3,None,3415,Wet Season,13,834.0,866.8
2024-11-24,Legian-side Beach Zone,6,Weekend,1,0,Cloudy,0.3,None,1097,Wet Season,13,962.5,764.9
2024-11-25,Beachwalk Area,0,Weekday,0,0,Rainy,6.2,None,2784,Wet Season,25,798.2,858.1
2024-11-25,Main Beach Gate,0,Weekday,0,0,Rainy,6.2,Market Day,2693,Wet Season,28,647.9,734.0
2024-11-25,Food Vendor Area,0,Weekday,0,0,Rainy,6.2,None,2241,Wet Season,11,850.2,714.4
2024-11-25,Parking Area,0,Weekday,0,0,Rainy,6.2,None,2435,Wet Season,25,527.9,437.0
2024-11-25,Hotel Front Area,0,Weekday,0,0,Rainy,6.2,None,1053,Wet Season,28,594.7,454.0
2024-11-25,Event Area,0,Weekday,0,0,Rainy,6.2,None,2570,Wet Season,24,866.8,835.0
2024-11-25,Legian-side Beach Zone,0,Weekday,0,0,Rainy,6.2,None,845,Wet Season,15,764.9,505.0
2024-11-26,Beachwalk Area,1,Weekday,0,0,Sunny,0.0,None,2161,Wet Season,14,858.1,687.9
2024-11-26,Main Beach Gate,1,Weekday,0,0,Sunny,0.0,None,1869,Wet Season,29,734.0,641.7
2024-11-26,Food Vendor Area,1,Weekday,0,0,Sunny,0.0,None,1396,Wet Season,15,714.4,624.6
2024-11-26,Parking Area,1,Weekday,0,0,Sunny,0.0,None,1654,Wet Season,25,437.0,453.2
2024-11-26,Hotel Front Area,1,Weekday,0,0,Sunny,0.0,None,1486,Wet Season,25,454.0,381.6
2024-11-26,Event Area,1,Weekday,0,0,Sunny,0.0,None,1917,Wet Season,18,835.0,618.8
2024-11-26,Legian-side Beach Zone,1,Weekday,0,0,Sunny,0.0,None,1406,Wet Season,20,505.0,489.7
2024-11-27,Beachwalk Area,2,Weekday,0,0,Stormy,57.5,None,1141,Wet Season,19,687.9,769.1
2024-11-27,Main Beach Gate,2,Weekday,0,0,Stormy,57.5,None,1419,Wet Season,22,641.7,609.1
2024-11-27,Food Vendor Area,2,Weekday,0,0,Stormy,57.5,None,2301,Wet Season,9,624.6,675.4
2024-11-27,Parking Area,2,Weekday,0,0,Stormy,57.5,None,1030,Wet Season,27,453.2,403.8
2024-11-27,Hotel Front Area,2,Weekday,0,0,Stormy,57.5,None,1645,Wet Season,8,381.6,469.8
2024-11-27,Event Area,2,Weekday,0,0,Stormy,57.5,None,2375,Wet Season,20,618.8,716.1
2024-11-27,Legian-side Beach Zone,2,Weekday,0,0,Stormy,57.5,Cultural Ceremony,2376,Wet Season,21,489.7,827.6
2024-11-28,Beachwalk Area,3,Weekday,0,0,Rainy,16.1,None,2913,Wet Season,15,769.1,645.0
2024-11-28,Main Beach Gate,3,Weekday,0,0,Rainy,16.1,None,2463,Wet Season,15,609.1,669.4
2024-11-28,Food Vendor Area,3,Weekday,0,0,Rainy,16.1,None,2396,Wet Season,19,675.4,666.6
2024-11-28,Parking Area,3,Weekday,0,0,Rainy,16.1,None,1400,Wet Season,12,403.8,473.4
2024-11-28,Hotel Front Area,3,Weekday,0,0,Rainy,16.1,None,1738,Wet Season,24,469.8,426.3
2024-11-28,Event Area,3,Weekday,0,0,Rainy,16.1,None,2497,Wet Season,18,716.1,719.5
2024-11-28,Legian-side Beach Zone,3,Weekday,0,0,Rainy,16.1,None,2049,Wet Season,13,827.6,664.5
2024-11-29,Beachwalk Area,4,Weekday,0,0,Rainy,17.9,Market Day,3487,Wet Season,9,645.0,1164.4
2024-11-29,Main Beach Gate,4,Weekday,0,0,Rainy,17.9,None,1282,Wet Season,21,669.4,678.4
2024-11-29,Food Vendor Area,4,Weekday,0,0,Rainy,17.9,None,2262,Wet Season,26,666.6,729.3
2024-11-29,Parking Area,4,Weekday,0,0,Rainy,17.9,None,2363,Wet Season,27,473.4,433.7
2024-11-29,Hotel Front Area,4,Weekday,0,0,Rainy,17.9,None,1142,Wet Season,9,426.3,518.8
2024-11-29,Event Area,4,Weekday,0,0,Rainy,17.9,None,3364,Wet Season,9,719.5,853.7
2024-11-29,Legian-side Beach Zone,4,Weekday,0,0,Rainy,17.9,None,1489,Wet Season,17,664.5,593.3
2024-11-30,Beachwalk Area,5,Weekend,1,0,Cloudy,1.0,None,1908,Wet Season,28,1164.4,922.8
2024-11-30,Main Beach Gate,5,Weekend,1,0,Cloudy,1.0,None,2314,Wet Season,16,678.4,722.8
2024-11-30,Food Vendor Area,5,Weekend,1,0,Cloudy,1.0,None,2176,Wet Season,24,729.3,784.4
2024-11-30,Parking Area,5,Weekend,1,0,Cloudy,1.0,None,2107,Wet Season,27,433.7,434.3
2024-11-30,Hotel Front Area,5,Weekend,1,0,Cloudy,1.0,None,1366,Wet Season,29,518.8,579.7
2024-11-30,Event Area,5,Weekend,1,0,Cloudy,1.0,Market Day,6880,Wet Season,23,853.7,1247.1
2024-11-30,Legian-side Beach Zone,5,Weekend,1,0,Cloudy,1.0,None,2385,Wet Season,21,593.3,632.4
2024-12-01,Beachwalk Area,6,Weekend,1,0,Rainy,15.3,None,2711,Wet Season,11,922.8,988.3
2024-12-01,Main Beach Gate,6,Weekend,1,0,Rainy,15.3,None,2135,Wet Season,28,722.8,672.4
2024-12-01,Food Vendor Area,6,Weekend,1,0,Rainy,15.3,None,1554,Wet Season,27,784.4,925.1
2024-12-01,Parking Area,6,Weekend,1,0,Rainy,15.3,None,3138,Wet Season,19,434.3,588.3
2024-12-01,Hotel Front Area,6,Weekend,1,0,Rainy,15.3,None,1748,Wet Season,13,579.7,643.3
2024-12-01,Event Area,6,Weekend,1,0,Rainy,15.3,Sports Event,6427,Wet Season,8,1247.1,1763.2
2024-12-01,Legian-side Beach Zone,6,Weekend,1,0,Rainy,15.3,None,3109,Wet Season,26,632.4,566.0
2024-12-02,Beachwalk Area,0,Weekday,0,0,Cloudy,0.1,Beach Festival,2474,Wet Season,17,988.3,1251.6
2024-12-02,Main Beach Gate,0,Weekday,0,0,Cloudy,0.1,None,1910,Wet Season,11,672.4,568.6
2024-12-02,Food Vendor Area,0,Weekday,0,0,Cloudy,0.1,None,856,Wet Season,9,925.1,716.1
2024-12-02,Parking Area,0,Weekday,0,0,Cloudy,0.1,None,2086,Wet Season,23,588.3,447.5
2024-12-02,Hotel Front Area,0,Weekday,0,0,Cloudy,0.1,None,825,Wet Season,29,643.3,499.4
2024-12-02,Event Area,0,Weekday,0,0,Cloudy,0.1,Cultural Ceremony,4099,Wet Season,29,1763.2,1501.5
2024-12-02,Legian-side Beach Zone,0,Weekday,0,0,Cloudy,0.1,None,1321,Wet Season,8,566.0,440.4
2024-12-03,Beachwalk Area,1,Weekday,0,0,Cloudy,2.0,None,1359,Wet Season,16,1251.6,689.2
2024-12-03,Main Beach Gate,1,Weekday,0,0,Cloudy,2.0,None,1275,Wet Season,11,568.6,639.4
2024-12-03,Food Vendor Area,1,Weekday,0,0,Cloudy,2.0,None,1615,Wet Season,18,716.1,532.8
2024-12-03,Parking Area,1,Weekday,0,0,Cloudy,2.0,None,2454,Wet Season,22,447.5,480.8
2024-12-03,Hotel Front Area,1,Weekday,0,0,Cloudy,2.0,None,1669,Wet Season,21,499.4,424.2
2024-12-03,Event Area,1,Weekday,0,0,Cloudy,2.0,None,2626,Wet Season,23,1501.5,921.2
2024-12-03,Legian-side Beach Zone,1,Weekday,0,0,Cloudy,2.0,None,1505,Wet Season,29,440.4,430.6
2024-12-04,Beachwalk Area,2,Weekday,0,0,Sunny,0.0,None,1524,Wet Season,24,689.2,685.4
2024-12-04,Main Beach Gate,2,Weekday,0,0,Sunny,0.0,None,2194,Wet Season,14,639.4,640.1
2024-12-04,Food Vendor Area,2,Weekday,0,0,Sunny,0.0,None,2078,Wet Season,8,532.8,560.0
2024-12-04,Parking Area,2,Weekday,0,0,Sunny,0.0,None,1407,Wet Season,20,480.8,389.6
2024-12-04,Hotel Front Area,2,Weekday,0,0,Sunny,0.0,None,1625,Wet Season,20,424.2,394.4
2024-12-04,Event Area,2,Weekday,0,0,Sunny,0.0,None,2559,Wet Season,26,921.2,769.4
2024-12-04,Legian-side Beach Zone,2,Weekday,0,0,Sunny,0.0,None,1457,Wet Season,28,430.6,424.4
2024-12-05,Beachwalk Area,3,Weekday,0,0,Rainy,15.3,None,2632,Wet Season,29,685.4,693.8
2024-12-05,Main Beach Gate,3,Weekday,0,0,Rainy,15.3,None,2174,Wet Season,10,640.1,580.3
2024-12-05,Food Vendor Area,3,Weekday,0,0,Rainy,15.3,None,1313,Wet Season,24,560.0,675.3
2024-12-05,Parking Area,3,Weekday,0,0,Rainy,15.3,None,2456,Wet Season,20,389.6,410.5
2024-12-05,Hotel Front Area,3,Weekday,0,0,Rainy,15.3,None,2091,Wet Season,14,394.4,481.4
2024-12-05,Event Area,3,Weekday,0,0,Rainy,15.3,Music Concert,4872,Wet Season,26,769.4,1735.4
2024-12-05,Legian-side Beach Zone,3,Weekday,0,0,Rainy,15.3,None,2126,Wet Season,9,424.4,497.8
2024-12-06,Beachwalk Area,4,Weekday,0,0,Rainy,22.6,None,2784,Wet Season,20,693.8,773.7
2024-12-06,Main Beach Gate,4,Weekday,0,0,Rainy,22.6,None,1657,Wet Season,27,580.3,538.8
2024-12-06,Food Vendor Area,4,Weekday,0,0,Rainy,22.6,None,1718,Wet Season,21,675.3,617.1
2024-12-06,Parking Area,4,Weekday,0,0,Rainy,22.6,None,896,Wet Season,18,410.5,433.4
2024-12-06,Hotel Front Area,4,Weekday,0,0,Rainy,22.6,None,2108,Wet Season,25,481.4,579.5
2024-12-06,Event Area,4,Weekday,0,0,Rainy,22.6,None,2342,Wet Season,12,1735.4,943.7
2024-12-06,Legian-side Beach Zone,4,Weekday,0,0,Rainy,22.6,None,1925,Wet Season,10,497.8,518.0
2024-12-07,Beachwalk Area,5,Weekend,1,0,Rainy,6.3,None,3272,Wet Season,24,773.7,812.9
2024-12-07,Main Beach Gate,5,Weekend,1,0,Rainy,6.3,None,2063,Wet Season,8,538.8,774.9
2024-12-07,Food Vendor Area,5,Weekend,1,0,Rainy,6.3,None,3198,Wet Season,17,617.1,735.1
2024-12-07,Parking Area,5,Weekend,1,0,Rainy,6.3,None,2531,Wet Season,12,433.4,588.1
2024-12-07,Hotel Front Area,5,Weekend,1,0,Rainy,6.3,Music Concert,2440,Wet Season,10,579.5,1665.1
2024-12-07,Event Area,5,Weekend,1,0,Rainy,6.3,None,3512,Wet Season,15,943.7,908.8
2024-12-07,Legian-side Beach Zone,5,Weekend,1,0,Rainy,6.3,None,3211,Wet Season,21,518.0,688.1
2024-12-08,Beachwalk Area,6,Weekend,1,0,Sunny,0.0,Market Day,5701,Wet Season,22,812.9,1302.0
2024-12-08,Main Beach Gate,6,Weekend,1,0,Sunny,0.0,None,1708,Wet Season,8,774.9,668.2
2024-12-08,Food Vendor Area,6,Weekend,1,0,Sunny,0.0,Cultural Ceremony,2845,Wet Season,16,735.1,1219.0
2024-12-08,Parking Area,6,Weekend,1,0,Sunny,0.0,None,3125,Wet Season,16,588.1,626.1
2024-12-08,Hotel Front Area,6,Weekend,1,0,Sunny,0.0,None,1099,Wet Season,11,1665.1,791.1
2024-12-08,Event Area,6,Weekend,1,0,Sunny,0.0,None,3833,Wet Season,13,908.8,837.8
2024-12-08,Legian-side Beach Zone,6,Weekend,1,0,Sunny,0.0,None,1605,Wet Season,23,688.1,617.2
2024-12-09,Beachwalk Area,0,Weekday,0,0,Rainy,23.9,None,3109,Wet Season,23,1302.0,918.9
2024-12-09,Main Beach Gate,0,Weekday,0,0,Rainy,23.9,None,2445,Wet Season,25,668.2,664.0
2024-12-09,Food Vendor Area,0,Weekday,0,0,Rainy,23.9,None,1538,Wet Season,19,1219.0,758.5
2024-12-09,Parking Area,0,Weekday,0,0,Rainy,23.9,None,1196,Wet Season,10,626.1,534.6
2024-12-09,Hotel Front Area,0,Weekday,0,0,Rainy,23.9,None,1797,Wet Season,10,791.1,712.4
2024-12-09,Event Area,0,Weekday,0,0,Rainy,23.9,None,1987,Wet Season,19,837.8,674.7
2024-12-09,Legian-side Beach Zone,0,Weekday,0,0,Rainy,23.9,None,1344,Wet Season,20,617.2,482.7
2024-12-10,Beachwalk Area,1,Weekday,0,0,Stormy,57.1,None,3367,Wet Season,19,918.9,784.1
2024-12-10,Main Beach Gate,1,Weekday,0,0,Stormy,57.1,None,2082,Wet Season,10,664.0,748.0
2024-12-10,Food Vendor Area,1,Weekday,0,0,Stormy,57.1,None,1506,Wet Season,17,758.5,784.4
2024-12-10,Parking Area,1,Weekday,0,0,Stormy,57.1,None,1587,Wet Season,18,534.6,465.7
2024-12-10,Hotel Front Area,1,Weekday,0,0,Stormy,57.1,None,2059,Wet Season,23,712.4,519.7
2024-12-10,Event Area,1,Weekday,0,0,Stormy,57.1,None,1901,Wet Season,29,674.7,676.7
2024-12-10,Legian-side Beach Zone,1,Weekday,0,0,Stormy,57.1,None,958,Wet Season,21,482.7,462.2
2024-12-11,Beachwalk Area,2,Weekday,0,0,Rainy,21.7,None,1509,Wet Season,22,784.1,682.3
2024-12-11,Main Beach Gate,2,Weekday,0,0,Rainy,21.7,None,1938,Wet Season,27,748.0,611.6
2024-12-11,Food Vendor Area,2,Weekday,0,0,Rainy,21.7,None,1159,Wet Season,13,784.4,674.7
2024-12-11,Parking Area,2,Weekday,0,0,Rainy,21.7,None,1754,Wet Season,10,465.7,455.4
2024-12-11,Hotel Front Area,2,Weekday,0,0,Rainy,21.7,None,1712,Wet Season,26,519.7,483.4
2024-12-11,Event Area,2,Weekday,0,0,Rainy,21.7,Cultural Ceremony,5654,Wet Season,15,676.7,1187.4
2024-12-11,Legian-side Beach Zone,2,Weekday,0,0,Rainy,21.7,None,2262,Wet Season,21,462.2,525.3
2024-12-12,Beachwalk Area,3,Weekday,0,0,Cloudy,0.6,None,3424,Wet Season,11,682.3,633.0
2024-12-12,Main Beach Gate,3,Weekday,0,0,Cloudy,0.6,None,1349,Wet Season,12,611.6,609.9
2024-12-12,Food Vendor Area,3,Weekday,0,0,Cloudy,0.6,None,1833,Wet Season,16,674.7,652.9
2024-12-12,Parking Area,3,Weekday,0,0,Cloudy,0.6,None,843,Wet Season,17,455.4,405.2
2024-12-12,Hotel Front Area,3,Weekday,0,0,Cloudy,0.6,None,1196,Wet Season,21,483.4,446.3
2024-12-12,Event Area,3,Weekday,0,0,Cloudy,0.6,None,3201,Wet Season,22,1187.4,880.8
2024-12-12,Legian-side Beach Zone,3,Weekday,0,0,Cloudy,0.6,None,1125,Wet Season,13,525.3,481.8
2024-12-13,Beachwalk Area,4,Weekday,0,0,Sunny,0.0,Beach Festival,4878,Wet Season,15,633.0,1121.0
2024-12-13,Main Beach Gate,4,Weekday,0,0,Sunny,0.0,None,2207,Wet Season,9,609.9,633.4
2024-12-13,Food Vendor Area,4,Weekday,0,0,Sunny,0.0,None,2442,Wet Season,11,652.9,612.8
2024-12-13,Parking Area,4,Weekday,0,0,Sunny,0.0,None,1194,Wet Season,8,405.2,393.0
2024-12-13,Hotel Front Area,4,Weekday,0,0,Sunny,0.0,None,1492,Wet Season,18,446.3,486.9
2024-12-13,Event Area,4,Weekday,0,0,Sunny,0.0,None,3172,Wet Season,20,880.8,796.2
2024-12-13,Legian-side Beach Zone,4,Weekday,0,0,Sunny,0.0,None,1071,Wet Season,9,481.8,529.3
2024-12-14,Beachwalk Area,5,Weekend,1,0,Rainy,6.5,None,1662,Wet Season,14,1121.0,930.0
2024-12-14,Main Beach Gate,5,Weekend,1,0,Rainy,6.5,None,1307,Wet Season,22,633.4,676.4
2024-12-14,Food Vendor Area,5,Weekend,1,0,Rainy,6.5,None,2740,Wet Season,12,612.8,780.6
2024-12-14,Parking Area,5,Weekend,1,0,Rainy,6.5,None,2522,Wet Season,13,393.0,533.7
2024-12-14,Hotel Front Area,5,Weekend,1,0,Rainy,6.5,None,1875,Wet Season,16,486.9,652.5
2024-12-14,Event Area,5,Weekend,1,0,Rainy,6.5,Music Concert,9419,Wet Season,8,796.2,2238.3
2024-12-14,Legian-side Beach Zone,5,Weekend,1,0,Rainy,6.5,None,2436,Wet Season,23,529.3,619.2
2024-12-15,Beachwalk Area,6,Weekend,1,0,Cloudy,1.6,None,4345,Wet Season,16,930.0,980.4
2024-12-15,Main Beach Gate,6,Weekend,1,0,Cloudy,1.6,Cultural Ceremony,3828,Wet Season,14,676.4,1240.0
2024-12-15,Food Vendor Area,6,Weekend,1,0,Cloudy,1.6,None,3233,Wet Season,26,780.6,854.3
2024-12-15,Parking Area,6,Weekend,1,0,Cloudy,1.6,None,1773,Wet Season,17,533.7,517.3
2024-12-15,Hotel Front Area,6,Weekend,1,0,Cloudy,1.6,None,1257,Wet Season,17,652.5,507.4
2024-12-15,Event Area,6,Weekend,1,0,Cloudy,1.6,None,2399,Wet Season,22,2238.3,1163.8
2024-12-15,Legian-side Beach Zone,6,Weekend,1,0,Cloudy,1.6,None,2512,Wet Season,25,619.2,507.3
2024-12-16,Beachwalk Area,0,Weekday,0,0,Sunny,0.0,None,3460,Wet Season,14,980.4,784.3
2024-12-16,Main Beach Gate,0,Weekday,0,0,Sunny,0.0,None,1811,Wet Season,14,1240.0,867.2
2024-12-16,Food Vendor Area,0,Weekday,0,0,Sunny,0.0,None,2473,Wet Season,25,854.3,688.3
2024-12-16,Parking Area,0,Weekday,0,0,Sunny,0.0,None,1412,Wet Season,29,517.3,394.5
2024-12-16,Hotel Front Area,0,Weekday,0,0,Sunny,0.0,None,1749,Wet Season,24,507.4,417.8
2024-12-16,Event Area,0,Weekday,0,0,Sunny,0.0,None,2130,Wet Season,17,1163.8,730.3
2024-12-16,Legian-side Beach Zone,0,Weekday,0,0,Sunny,0.0,None,1502,Wet Season,24,507.3,424.6
2024-12-17,Beachwalk Area,1,Weekday,0,0,Sunny,0.0,Beach Festival,6256,Wet Season,19,784.3,1225.1
2024-12-17,Main Beach Gate,1,Weekday,0,0,Sunny,0.0,None,2384,Wet Season,17,867.2,599.0
2024-12-17,Food Vendor Area,1,Weekday,0,0,Sunny,0.0,None,1068,Wet Season,10,688.3,688.2
2024-12-17,Parking Area,1,Weekday,0,0,Sunny,0.0,None,2469,Wet Season,20,394.5,347.8
2024-12-17,Hotel Front Area,1,Weekday,0,0,Sunny,0.0,None,1281,Wet Season,24,417.8,495.8
2024-12-17,Event Area,1,Weekday,0,0,Sunny,0.0,Sports Event,4070,Wet Season,23,730.3,1109.1
2024-12-17,Legian-side Beach Zone,1,Weekday,0,0,Sunny,0.0,None,1521,Wet Season,14,424.6,435.4
2024-12-18,Beachwalk Area,2,Weekday,0,0,Rainy,25.0,None,1597,Wet Season,12,1225.1,961.9
2024-12-18,Main Beach Gate,2,Weekday,0,0,Rainy,25.0,None,1615,Wet Season,23,599.0,529.3
2024-12-18,Food Vendor Area,2,Weekday,0,0,Rainy,25.0,None,1645,Wet Season,23,688.2,641.4
2024-12-18,Parking Area,2,Weekday,0,0,Rainy,25.0,None,1102,Wet Season,19,347.8,455.5
2024-12-18,Hotel Front Area,2,Weekday,0,0,Rainy,25.0,None,980,Wet Season,21,495.8,464.8
2024-12-18,Event Area,2,Weekday,0,0,Rainy,25.0,None,2787,Wet Season,29,1109.1,775.5
2024-12-18,Legian-side Beach Zone,2,Weekday,0,0,Rainy,25.0,None,1052,Wet Season,17,435.4,441.6
2024-12-19,Beachwalk Area,3,Weekday,0,0,Stormy,46.5,None,3215,Wet Season,28,961.9,842.3
2024-12-19,Main Beach Gate,3,Weekday,0,0,Stormy,46.5,None,1657,Wet Season,11,529.3,597.1
2024-12-19,Food Vendor Area,3,Weekday,0,0,Stormy,46.5,None,2124,Wet Season,11,641.4,700.3
2024-12-19,Parking Area,3,Weekday,0,0,Stormy,46.5,None,815,Wet Season,29,455.5,478.9
2024-12-19,Hotel Front Area,3,Weekday,0,0,Stormy,46.5,None,2326,Wet Season,13,464.8,596.2
2024-12-19,Event Area,3,Weekday,0,0,Stormy,46.5,None,1486,Wet Season,26,775.5,681.1
2024-12-19,Legian-side Beach Zone,3,Weekday,0,0,Stormy,46.5,None,1177,Wet Season,22,441.6,514.3
2024-12-20,Beachwalk Area,4,Weekday,0,0,Cloudy,0.0,None,1731,Wet Season,22,842.3,585.8
2024-12-20,Main Beach Gate,4,Weekday,0,0,Cloudy,0.0,None,815,Wet Season,28,597.1,499.2
2024-12-20,Food Vendor Area,4,Weekday,0,0,Cloudy,0.0,None,1783,Wet Season,22,700.3,588.9
2024-12-20,Parking Area,4,Weekday,0,0,Cloudy,0.0,None,1818,Wet Season,12,478.9,457.7
2024-12-20,Hotel Front Area,4,Weekday,0,0,Cloudy,0.0,None,1418,Wet Season,14,596.2,515.0
2024-12-20,Event Area,4,Weekday,0,0,Cloudy,0.0,None,1950,Wet Season,29,681.1,670.2
2024-12-20,Legian-side Beach Zone,4,Weekday,0,0,Cloudy,0.0,None,964,Wet Season,21,514.3,435.3
2024-12-21,Beachwalk Area,5,Weekend,1,0,Sunny,0.0,None,2571,Wet Season,10,585.8,723.6
2024-12-21,Main Beach Gate,5,Weekend,1,0,Sunny,0.0,None,2470,Wet Season,23,499.2,545.2
2024-12-21,Food Vendor Area,5,Weekend,1,0,Sunny,0.0,None,1310,Wet Season,18,588.9,630.6
2024-12-21,Parking Area,5,Weekend,1,0,Sunny,0.0,None,2330,Wet Season,24,457.7,452.5
2024-12-21,Hotel Front Area,5,Weekend,1,0,Sunny,0.0,None,2054,Wet Season,19,515.0,641.6
2024-12-21,Event Area,5,Weekend,1,0,Sunny,0.0,None,3413,Wet Season,20,670.2,906.5
2024-12-21,Legian-side Beach Zone,5,Weekend,1,0,Sunny,0.0,Market Day,5169,Wet Season,27,435.3,762.3
2024-12-22,Beachwalk Area,6,Weekend,1,0,Rainy,13.4,None,2052,Wet Season,21,723.6,926.2
2024-12-22,Main Beach Gate,6,Weekend,1,0,Rainy,13.4,Music Concert,2236,Wet Season,14,545.2,1629.1
2024-12-22,Food Vendor Area,6,Weekend,1,0,Rainy,13.4,None,1283,Wet Season,12,630.6,737.0
2024-12-22,Parking Area,6,Weekend,1,0,Rainy,13.4,Cultural Ceremony,5240,Wet Season,22,452.5,938.3
2024-12-22,Hotel Front Area,6,Weekend,1,0,Rainy,13.4,None,2268,Wet Season,9,641.6,653.5
2024-12-22,Event Area,6,Weekend,1,0,Rainy,13.4,None,4169,Wet Season,17,906.5,1037.1
2024-12-22,Legian-side Beach Zone,6,Weekend,1,0,Rainy,13.4,None,1807,Wet Season,27,762.3,578.9
2024-12-23,Beachwalk Area,0,Weekday,0,0,Rainy,15.7,None,2165,Wet Season,8,926.2,817.3
2024-12-23,Main Beach Gate,0,Weekday,0,0,Rainy,15.7,None,2016,Wet Season,22,1629.1,878.5
2024-12-23,Food Vendor Area,0,Weekday,0,0,Rainy,15.7,None,864,Wet Season,19,737.0,638.9
2024-12-23,Parking Area,0,Weekday,0,0,Rainy,15.7,None,945,Wet Season,22,938.3,614.5
2024-12-23,Hotel Front Area,0,Weekday,0,0,Rainy,15.7,Cultural Ceremony,4252,Wet Season,13,653.5,889.5
2024-12-23,Event Area,0,Weekday,0,0,Rainy,15.7,Market Day,6328,Wet Season,29,1037.1,1191.7
2024-12-23,Legian-side Beach Zone,0,Weekday,0,0,Rainy,15.7,None,1932,Wet Season,17,578.9,512.1
2024-12-24,Beachwalk Area,1,Weekday,0,0,Cloudy,1.5,None,2136,Wet Season,21,817.3,774.9
2024-12-24,Main Beach Gate,1,Weekday,0,0,Cloudy,1.5,Cultural Ceremony,1982,Wet Season,19,878.5,761.1
2024-12-24,Food Vendor Area,1,Weekday,0,0,Cloudy,1.5,None,1692,Wet Season,29,638.9,514.9
2024-12-24,Parking Area,1,Weekday,0,0,Cloudy,1.5,None,2212,Wet Season,22,614.5,512.4
2024-12-24,Hotel Front Area,1,Weekday,0,0,Cloudy,1.5,None,1433,Wet Season,14,889.5,652.2
2024-12-24,Event Area,1,Weekday,0,0,Cloudy,1.5,None,1600,Wet Season,28,1191.7,901.7
2024-12-24,Legian-side Beach Zone,1,Weekday,0,0,Cloudy,1.5,None,2016,Wet Season,9,512.1,546.9
2024-12-25,Beachwalk Area,2,Public Holiday,0,1,Rainy,23.8,None,2833,Wet Season,28,774.9,893.3
2024-12-25,Main Beach Gate,2,Public Holiday,0,1,Rainy,23.8,None,2916,Wet Season,20,761.1,803.7
2024-12-25,Food Vendor Area,2,Public Holiday,0,1,Rainy,23.8,None,2379,Wet Season,21,514.9,801.8
2024-12-25,Parking Area,2,Public Holiday,0,1,Rainy,23.8,None,3220,Wet Season,20,512.4,701.4
2024-12-25,Hotel Front Area,2,Public Holiday,0,1,Rainy,23.8,None,3217,Wet Season,22,652.2,687.3
2024-12-25,Event Area,2,Public Holiday,0,1,Rainy,23.8,None,2638,Wet Season,10,901.7,1187.8
2024-12-25,Legian-side Beach Zone,2,Public Holiday,0,1,Rainy,23.8,None,3373,Wet Season,26,546.9,741.5
2024-12-26,Beachwalk Area,3,Weekday,0,0,Rainy,8.9,None,2465,Wet Season,19,893.3,780.6
2024-12-26,Main Beach Gate,3,Weekday,0,0,Rainy,8.9,None,1174,Wet Season,10,803.7,684.9
2024-12-26,Food Vendor Area,3,Weekday,0,0,Rainy,8.9,None,852,Wet Season,12,801.8,679.8
2024-12-26,Parking Area,3,Weekday,0,0,Rainy,8.9,None,1293,Wet Season,23,701.4,467.4
2024-12-26,Hotel Front Area,3,Weekday,0,0,Rainy,8.9,None,1998,Wet Season,17,687.3,640.4
2024-12-26,Event Area,3,Weekday,0,0,Rainy,8.9,None,3183,Wet Season,9,1187.8,888.5
2024-12-26,Legian-side Beach Zone,3,Weekday,0,0,Rainy,8.9,None,1859,Wet Season,10,741.5,519.0
2024-12-27,Beachwalk Area,4,Weekday,0,0,Cloudy,1.5,Music Concert,7327,Wet Season,26,780.6,1513.9
2024-12-27,Main Beach Gate,4,Weekday,0,0,Cloudy,1.5,None,1306,Wet Season,29,684.9,540.6
2024-12-27,Food Vendor Area,4,Weekday,0,0,Cloudy,1.5,None,1419,Wet Season,14,679.8,638.1
2024-12-27,Parking Area,4,Weekday,0,0,Cloudy,1.5,None,2220,Wet Season,24,467.4,370.2
2024-12-27,Hotel Front Area,4,Weekday,0,0,Cloudy,1.5,None,1691,Wet Season,20,640.4,579.3
2024-12-27,Event Area,4,Weekday,0,0,Cloudy,1.5,None,2865,Wet Season,21,888.5,687.2
2024-12-27,Legian-side Beach Zone,4,Weekday,0,0,Cloudy,1.5,Beach Festival,2609,Wet Season,20,519.0,827.3
2024-12-28,Beachwalk Area,5,Weekend,1,0,Rainy,9.1,None,4140,Wet Season,11,1513.9,1067.7
2024-12-28,Main Beach Gate,5,Weekend,1,0,Rainy,9.1,None,1682,Wet Season,8,540.6,668.6
2024-12-28,Food Vendor Area,5,Weekend,1,0,Rainy,9.1,None,2858,Wet Season,18,638.1,903.1
2024-12-28,Parking Area,5,Weekend,1,0,Rainy,9.1,None,2973,Wet Season,21,370.2,598.2
2024-12-28,Hotel Front Area,5,Weekend,1,0,Rainy,9.1,None,1901,Wet Season,21,579.3,574.0
2024-12-28,Event Area,5,Weekend,1,0,Rainy,9.1,None,2618,Wet Season,15,687.2,786.1
2024-12-28,Legian-side Beach Zone,5,Weekend,1,0,Rainy,9.1,None,2377,Wet Season,28,827.3,745.0
2024-12-29,Beachwalk Area,6,Weekend,1,0,Sunny,0.0,None,1999,Wet Season,21,1067.7,783.3
2024-12-29,Main Beach Gate,6,Weekend,1,0,Sunny,0.0,None,2043,Wet Season,15,668.6,593.8
2024-12-29,Food Vendor Area,6,Weekend,1,0,Sunny,0.0,None,3149,Wet Season,15,903.1,745.6
2024-12-29,Parking Area,6,Weekend,1,0,Sunny,0.0,None,2447,Wet Season,11,598.2,512.8
2024-12-29,Hotel Front Area,6,Weekend,1,0,Sunny,0.0,None,2011,Wet Season,12,574.0,666.2
2024-12-29,Event Area,6,Weekend,1,0,Sunny,0.0,None,1844,Wet Season,18,786.1,694.3
2024-12-29,Legian-side Beach Zone,6,Weekend,1,0,Sunny,0.0,None,1202,Wet Season,15,745.0,580.7
2024-12-30,Beachwalk Area,0,Weekday,0,0,Rainy,15.4,None,2969,Wet Season,29,783.3,795.6
2024-12-30,Main Beach Gate,0,Weekday,0,0,Rainy,15.4,None,2022,Wet Season,19,593.8,567.0
2024-12-30,Food Vendor Area,0,Weekday,0,0,Rainy,15.4,None,2050,Wet Season,19,745.6,707.1
2024-12-30,Parking Area,0,Weekday,0,0,Rainy,15.4,None,1257,Wet Season,8,512.8,419.7
2024-12-30,Hotel Front Area,0,Weekday,0,0,Rainy,15.4,None,1748,Wet Season,16,666.2,476.0
2024-12-30,Event Area,0,Weekday,0,0,Rainy,15.4,None,2718,Wet Season,16,694.3,793.2
2024-12-30,Legian-side Beach Zone,0,Weekday,0,0,Rainy,15.4,None,2343,Wet Season,13,580.7,609.1
